location,Unnamed: 0,total_sqft,bath,balcony,price,Number_of_Bedrooms,total_sqm,Dollar_Price,price_per_sqm
 Anekal,480,351,1,1,16,1,32.608953,19580.8,600.4731277
 Banaswadi,10036,527,1,0,35,1,48.959881,42833,874.8591525
 Basavangudi,9538,670,1,1,50,1,62.24501,61190,983.0506895
 Devarabeesana Halli,7050.666667,1539.666667,2.666666667,2,124.8333333,2.666666667,143.0396523,152771.0333,1040.717076
 Devarachikkanahalli,7514.428571,1266.5,2.214285714,1.785714286,62.71428571,2.428571429,117.6616495,76749.74286,654.679748
 Electronic City,1395,492.5,1,1,23.25,1,45.7547275,28453.35,618.5884985
 Mysore Highway,7060.5,821.25,1.25,1.25,36.875,1.5,76.29658875,45127.625,587.7024996
 Rachenahalli,6365,440,1,0,28,1,40.87732,34266.4,838.2741334
 Sector 1 HSR Layout,9667,6000,1,1,276,1,557.418,337768.8,605.952445
 Thanisandra,5008.333333,488.3333333,1,0.333333333,26.16666667,1,45.36763167,32022.76667,711.0762198
 Whitefield,914,905,1,1,52,1,84.077215,63637.6,756.8947187
 south,2525,2910,2.5,1,445,3.5,270.34773,544591,2106.890334
1 Giri Nagar,4834,5000,9,3,360,11,464.515,440568,948.4473053
12th cross srinivas nagar banshankari 3rd stage,13270,1800,1,1,200,1,167.2254,244760,1463.653249
1A Block Koramangala,3434,2360,4,1,650,4,219.25108,795470,3628.123519
1Hoysalanagar,11072,5425,13,0,275,13,503.998775,336545,667.7496389
1st Block BEL Layout,4690.5,1670,4,1.5,167.5,3.5,155.14801,204986.5,1278.320532
1st Block HBR Layout,5305,2083.333333,3.666666667,1.666666667,231.6666667,3.333333333,193.5479167,283513.6667,1416.607252
1st Block HRBR Layout,6252.5,1825,4.5,2,211,4.5,169.547975,258221.8,1327.277358
1st Block Jayanagar,6459.666667,1932.222222,3.111111111,1.555555556,269.5555556,3.222222222,179.5092411,329882.0889,1713.329758
1st Block Koramangala,6244.666667,2016.111111,3.111111111,2.333333333,276.0555556,3.111111111,187.3027706,337836.7889,1600.171737
1st Phase JP Nagar,7404.789474,1868,2.947368421,1.736842105,175.6052632,2.842105263,173.542804,214905.7211,1234.902559
1st Stage Domlur,697,1350,2,2,65,3,125.41905,79547,634.2497412
1st Stage Indira Nagar,5390.8,1788,2.8,1.4,195.8,2.8,166.110564,239620.04,1216.993866
2nd Block Bel Layout,7481,1625,3,3,92,3,150.967375,112589.6,745.7876246
2nd Block Hrbr Layout,4055,1465,3.25,2.5,131.25,3.25,136.102895,160623.75,1207.503297
2nd Block Jayanagar,4193,2546,3.333333333,2,490,3,236.531038,599662,2022.221089
2nd Block Koramangala,3896,3000,3,1,550,3,278.709,673090,2415.027861
2nd Phase JP Nagar,6323.428571,1510,2.428571429,1.285714286,157.5,2.714285714,140.28353,192748.5,1197.72271
2nd Phase Judicial Layout,9676.545455,1173.272727,2.090909091,1.636363636,46.18181818,2.454545455,109.0005562,56517.30909,533.3305176
2nd Stage Arekere Mico Layout,9841,2095,3,2,142,3,194.631785,173779.6,892.8634139
2nd Stage Nagarbhavi,2692.571429,2392.857143,4.857142857,2.428571429,280.1428571,4.714285714,222.3036071,342838.8286,1698.639293
"2nd phase jp nagar, jp nagar",3637,1200,3,1,205,3,111.4836,250879,2250.36687
3rd Block Banashankari,2360.75,2031.65,4.25,1.25,414.5,4.5,188.74638,507265.1,2672.596261
3rd Block HBR Layout,358,2000,3,1,100,3,185.806,122380,658.643962
3rd Block Hrbr Layout,2917.6,1305.2,2.2,2,121,2.2,121.2569956,148079.8,1234.381691
3rd Block Jayanagar,2984,1500,2.333333333,2,170,2.666666667,139.3545,208046,1516.337202
3rd Block Koramangala,6412,1925,3,2,220,3,178.838275,269236,1486.653514
3rd Phase Iti Layout,10519,1145,2,1,63,2,106.373935,77099.4,724.7959756
3rd Phase JP Nagar,4892.666667,2816.666667,3,2,231.3333333,3.333333333,261.6767833,283105.7333,1054.420522
3rd Stage Raja Rajeshwari Nagar,2262,1300,3,1,65,2,120.7739,79547,658.643962
4 Bedroom Farm House in Bagalur,2619,10961,4,1,80,4,1018.309783,97904,96.14363098
4th Block Jayanagar,8253.666667,1490.733333,2.333333333,1,166.6666667,2.666666667,138.4935989,203966.6667,1399.459686
4th Block Koramangala,4564.833333,1915.666667,3.333333333,2.166666667,286.1666667,3.166666667,177.9711803,350210.7667,1824.073978
4th Phase JP Nagar,7811.333333,1466.666667,3,1.666666667,145.6333333,3,136.2577333,178226.0733,1016.684248
4th T block Jayanagar,6660,2155.166667,3.5,2,271.6666667,3.5,200.2214488,332465.6667,1641.899027
5th Block Hbr Layout,5896.833333,2264.666667,3,2.5,112.1666667,3.333333333,210.3943273,137269.5667,642.6500492
5th Block Jayanagar,2905,6062,2.5,1.5,1320,2.5,563.177986,1615416,2767.990928
5th Phase JP Nagar,6649.323529,1370.264706,2.352941176,1.735294118,70.98235294,2.5,127.301702,86868.20353,678.0127151
5th Stage BEML Layout,8703.5,2000,3,2,85,3,185.806,104023,559.8473677
5th block Koramangala,422,4000,4,1,520,4,371.612,636376,1712.474301
6th Block Jayanagar,9636,2100,4,2,255,3,195.0963,312069,1599.563908
6th Block Rajaji Nagar,6876,3200,3,3,190,4,297.2896,232522,782.1397049
6th Phase JP Nagar,6919.2,1277.066667,2.133333333,2.133333333,94.66,2.2,118.6433245,115844.908,1008.737648
6th block Koramangala,5431.5,1979.25,2.5,2,249.9,2.75,183.8782628,305827.62,1527.452218
"6th block banashankari 3rd stage, 100 feet ORR",2597,4000,3,1,660,3,371.612,807708,2173.525075
7th Block Jayanagar,4100.2,2282,2.8,1.2,376,3.6,212.004646,460148.8,2108.037862
7th Phase JP Nagar,7055.340278,1467.8125,2.4375,1.541666667,97.13138889,2.611111111,136.3641847,118869.3937,842.3380071
8th Block Jayanagar,4583.666667,1966.666667,3.333333333,1.666666667,353.3333333,3.333333333,182.7092333,432409.3333,2117.069878
8th Phase JP Nagar,7962.456522,1327.543478,2.326086957,1.630434783,61.94717391,2.5,123.3327718,75810.95143,613.4849768
8th block Koramangala,4651.333333,1613.333333,2.333333333,1.333333333,226.3333333,2.666666667,149.8835067,276986.7333,1820.066206
9th Block Jayanagar,3529.5,1070,2.5,0.5,195,2.5,99.40621,238641,2509.119855
9th Phase JP Nagar,6646.483871,1332.362903,2.193548387,1.419354839,63.29354839,2.35483871,123.7805108,77458.64452,604.0373095
A Narayanapura,5850.333333,1250,2.666666667,1.333333333,146.6666667,2,116.12875,179490.6667,1356.540443
AECS Layout,7198.75,1286.916667,2.25,1.75,61.965,2.25,119.5584191,75832.767,637.8007797
AGB Layout,3753,3000,6,3,145,7,278.709,177451,636.6891632
AGS Layout,7204,1317.285714,2.142857143,1.142857143,67.25285714,2.571428571,122.3797947,82304.04657,667.8242388
AMS Layout,4627.333333,1283.333333,2.333333333,1.666666667,59.66666667,2.333333333,119.2255167,73020.06667,589.053903
Aavalahalli,11094,1180,2,3,41.94,2,109.62554,51326.172,468.1953859
Abbaiah Reddy Layout,7114,1166.666667,2,1.833333333,42.74,2.166666667,108.3868333,52305.212,481.3234869
Abbigere,8124.190476,1214.333333,2.571428571,0.952380952,46.01619048,2.714285714,112.8152097,56314.6139,498.9653681
Abshot Layout,2408,1140,1,1,185,2,105.90942,226403,2137.704087
Adarsh Nagar,4562,1270,2,1,50,2,117.98681,61190,518.6172929
Addischetan Layout,10238,1495,3,2,55,3,138.889985,67309,484.6209754
Adityanagar,2981,1260,1,0.5,41,1,117.05778,50175.8,428.6413086
Adugodi,11410,1201,2,1,65,2,111.576503,79547,712.9368448
Agara Village,5787,1925,3,2,120,3,178.838275,146856,821.1664981
Agrahara Dasarahalli,5924,1116.666667,1,0,85.66666667,1.666666667,103.7416833,104838.8667,1023.337563
Air View Colony,12453,1100,2,1,58.5,2,102.1933,71592.3,700.5576687
Aishwarya Crystal Layout,5127,1651.5,2.5,0.5,82,2.5,153.4293045,100351.6,649.7869834
Akash Nagar,1967,967,2,1,47.8,2,89.837201,58497.64,651.1516315
Akshaya Nagar,6803.945455,1526.818182,2.563636364,1.854545455,85.38909091,2.654545455,141.8459895,104499.1695,720.9515569
Akshaya Vana,7789.166667,1734.666667,2.333333333,1.666666667,70.66666667,2.833333333,161.1557373,86481.86667,531.3189972
Akshayanagara East,9055.875,1423.375,2.5,1.5,94.4525,2.625,132.2358076,115590.9695,800.7435809
Akshayanagara West,7798,1307.5,2,2,67.5,2,121.4706725,82606.5,678.2980327
Akshya Nagar,5960.4,1495,2.8,1,77.454,3,138.889985,94788.2052,676.7384162
Alfa Garden Layout,9975.666667,1071.666667,2,1.666666667,42.47,2,99.56104833,51974.786,523.810938
Alur,6520.333333,475,1.333333333,1,15,1,44.128925,18357,414.0963195
Amam Enclave Layout,12396,994,2,1.5,57.5,2,92.345582,70368.5,761.6576315
Amarjyothi Colony,6937.5,1227.5,2.5,1.5,49.5,2.5,114.0384325,60578.1,524.0428544
Ambalipura,7612.6,1473.84,2.28,1.8,99.0732,2.48,136.9241575,121245.7822,842.6568684
Ambedkar Colony,4947.857143,1650.714286,2.285714286,1.285714286,158.8571429,2.428571429,153.3563093,194409.3714,1265.314263
Ambedkar Nagar,7574.903226,2289.580645,3.483870968,2.064516129,185.1935484,3.064516129,212.7089107,226639.8645,981.0797758
Amblipura,8988.166667,1998.333333,3.166666667,2.166666667,140.1666667,3.166666667,185.6511617,171535.9667,918.0149485
Amco Colony,77,1760,3,2,88,3,163.50928,107694.4,658.643962
Amrita Nagar,9130,4250,6,3,150,6,394.83775,183570,464.9251496
Amruthahalli,6262.608696,1400.913043,2.304347826,1.391304348,91.54347826,2.260869565,130.1490245,112030.9087,796.7838911
Amruthnagar,3796.4,1215,2.2,1.4,59.7,2,112.877145,73060.86,648.630747
Anand Nagar,2287.8,1718,2.2,1.6,181,2.4,159.607354,221507.8,1201.218951
Anand nagar,5965,1605,2.5,1.5,97.5,2.5,149.109315,119320.5,793.8134318
Anandapura,5360.173913,1231.956522,2.217391304,0.956521739,55.05478261,2.391304348,114.4524567,67376.04296,599.9153429
Anantapura,5359,1400,2.5,2,57,2.5,130.0642,69756.6,520.054295
Anantapuram,12167,1495,2,1,63,3,138.889985,77099.4,555.1112991
Ananth Nagar,8022.571429,951.2142857,2,1.5,30.79964286,2,88.37066079,37692.60293,418.8962589
"Ananthanagar Phase 1,Electronic City , phase 2",977,1016,2,1,45.9,2,94.389448,56172.42,595.1133436
"Ananthapura, T C palaya Main Road",3901,680,3,2,60,2,63.17404,73428,1162.312874
Anathanagar,1989,1050,2,2,45,2,97.54815,55071,564.5519674
Andrahalli,2746,2200,4,3,235,4,204.3866,287593,1407.10301
Anekal,5302.689655,1061.258621,1.793103448,1.137931034,40.36206897,2.034482759,98.59410964,49395.1,478.2378412
Anjana Nagar,3606,1530,2,1,185,2,142.14159,226403,1592.799124
Anjanapura,5589.25,1231,2.5,1.125,64.024375,2.5625,114.363593,78353.03013,684.8328725
Anjappa Layout,8207,1209,2,0.5,75,2,112.319727,91785,796.3858328
Ankappa Layout,10788.66667,1400,2.333333333,2,63.33333333,2.666666667,130.0642,77507.33333,596.1741443
Annaiah Reddy Layout,8836.5,807.5,1.5,1,35,1.5,75.0191725,42833,562.4286167
Annapurneshwari Nagar,1834,2400,4,1,150,4,222.9672,183570,823.3049525
Annasandrapalya,1903,3500,4,0,150,4,325.1605,183570,564.5519674
Anugrah Layout,10638,1408.5,3,2,70,3,130.8538755,85666,631.0876773
Anwar Layout,11897,610,1,0,28,1,56.67083,34266.4,604.656752
Ardendale,6234.631579,1980.96,2.947368421,1.947368421,122.3815789,3.052631579,184.0371269,149770.5763,766.6138585
Arehalli,4626,1326.333333,2.333333333,1.666666667,68.67666667,3,123.2203457,84046.50467,691.2857527
Arekempanahalli,8542,1537,3,2,110,3,142.791911,134618,942.7564843
Arekere,5857.785714,1487.071429,2.5,1.785714286,87.32142857,2.428571429,138.1533969,106863.9643,737.0972596
Arishinakunte,2334,2400,4,1,150,4,222.9672,183570,823.3049525
Ashirvad Colony,3669.4,1326.4,2.2,1.4,62.6,2.4,123.2265392,76609.88,627.5259334
Ashok Nagar,11498.5,4512,3.5,1.5,1486,3,419.178336,1818566.8,2867.119611
Ashwath Nagar,6794,1478.2,2.6,2.6,78.2,2.6,137.3292146,95701.16,695.463188
Ashwathnagar,5146,1474.6,2.4,2.4,145,2.4,136.9947638,177451,1071.332456
Ashwini layout,3185.333333,942.6666667,1.333333333,1,59,1.333333333,87.57656133,72204.2,850.5147057
Asthagrama Layout,10808,1200,2,2,38,2,111.4836,46504.4,417.1411759
Atmananda Colony,9999.333333,1150.666667,2,1.666666667,55.33333333,2,106.9003853,67716.93333,633.8687844
Attibele,5084.275,963.075,1.75,1.1,43.3835,1.9,89.47255673,53092.7273,485.876764
Attur Layout,6038,2533.333333,4.333333333,1,138.3333333,4,235.3542667,169292.3333,768.4179558
Austin Town,7435.285714,810.7142857,1.714285714,0.571428571,42.14285714,1.571428571,75.31778929,51574.42857,634.7311355
Avalahalli,6403.2,1845.4,2.6,2,104.658,2.6,171.4431962,128080.4604,723.2568466
Ayappa Nagar,8932.333333,1291.666667,2.333333333,1,56.66666667,2.333333333,119.9997083,69348.66667,572.9264994
B Channasandra,5922.666667,1343.333333,3,1,191.3333333,3,124.7996967,234153.7333,1647.326379
B K Nagar,3676,2400,5,2,300,6,222.9672,367140,1646.609905
B Narayanapura,6428.666667,1245.555556,2.111111111,1.666666667,65.03444444,2.444444444,115.7158478,79589.15311,699.6809281
BAGUR,5127,686,1,1,17,1,63.731458,20804.6,326.4416138
BAGUR ROAD,11439,1200,2,2,35,3,111.4836,42833,384.2089778
BCC Layout,2571.666667,1750,3.333333333,2,166.6666667,3.333333333,162.58025,203966.6667,1214.59987
BCMC Layout,7313,1484.5,2,2.5,80,3,137.9145035,97904,708.6556785
BDS Layout,2925,1500,1,0,37.5,1,139.3545,45892.5,329.321981
BEL Layout,2992,1375,2,1,105,2,127.741625,128499,1005.92896
BEL Road,5298,2087.5,2.75,1,365.75,3,193.9350125,447604.85,1888.426331
BEML Layout,7345.909091,1677,2.454545455,1.636363636,99.09090909,2.636363636,155.798331,121267.4545,742.941878
BEML Layout 5th stage,7310,2000,3,2,85,3,185.806,104023,559.8473677
BHEL Layout,1533,2400,4,1,170,6,222.9672,208046,933.0789461
BSM Extension,6304,895,2,2.25,37.5,2,83.148185,45892.5,548.1465324
BTM 1st Stage,7963,1046,2,1,120,2,97.176538,146856,1469.756777
BTM 2nd Stage,7233.666667,1488,2.481481481,1.740740741,151.2962963,2.555555556,138.239664,185156.4074,1207.153071
BTM 4th Stage,5543.666667,1135,1.666666667,0.666666667,67.66666667,2,105.444905,82810.46667,883.171388
BTM Layout,5649.666667,1603,2.466666667,1.733333333,103.9873333,2.8,148.923509,127259.6985,790.1031889
BTM Layout 2nd Stage 1st Phase,3731,2400,5,2,395,4,222.9672,483401,2168.036375
Baba Nagar,6945.666667,1000,2.333333333,2,59.08333333,2.333333333,92.903,72306.18333,741.6753951
Babusapalaya,6986.458333,1258,2.083333333,1.583333333,51.35458333,2.416666667,116.871974,62847.73908,537.6922471
Badavala Nagar,9339.75,1507.583333,2.333333333,1.666666667,95.22083333,2.583333333,140.0590144,116531.2558,831.8843312
Badrappa Layout,8001,1500,2,2,88,2,139.3545,107694.4,772.8089154
Bagalakunte,2722,1174,2.4,1,102.2,2,109.068122,125072.36,1279.305591
Bagalur,6487.6,1498.4,2.4,2,75.174,2.4,139.2058552,91997.9412,655.2904569
Bagalur Main Road,3397.333333,2190,2.666666667,1.666666667,157.3333333,3,203.45757,192544.5333,839.5226416
Balagere,8035.813953,1012.640465,1.790697674,1.046511628,61.76395349,1.790697674,94.07733713,75586.72628,809.885371
Balaji Gardens Layout,8005.5,938,2,1,36.5,1.5,87.143014,44668.7,526.1479575
Banagiri Nagar,8315.375,1574.75,2.25,2,149.53125,3,146.2989993,182996.3438,1294.628908
Banagirinagar,12296,1630,2,2,130,3,151.43189,159094,1050.597731
"Banasawadi, ",2072,2312,3,2,156,3,214.791736,190912.8,888.8274919
Banashankari,8024.235294,1503,2.397058824,1.867647059,104.0032353,2.558823529,139.633209,127279.1594,832.0568155
Banashankari 2 nd Stage,11202,1030,2,2,77.25,3,95.69009,94538.55,987.965943
"Banashankari 3rd stage, Vivekanandanagar",12549,1600,3,1,100,3,148.6448,122380,823.3049525
Banashankari 6th Stage,10988,1330,2,2,80,2,123.56099,97904,792.3536385
"Banashankari 6th Stage ,Subramanyapura",6464,1690,3,2,100,3,157.00607,122380,779.46031
Banashankari Stage I,1945,3000,4,3,170,5,278.709,208046,746.4631569
Banashankari Stage II,6215.538462,1761.153846,2.230769231,1.461538462,253.2707692,3.076923077,163.6164758,309952.7674,1812.87327
Banashankari Stage III,5734.909091,1814.5,2.545454545,1.272727273,100.9354545,3,168.5724935,123524.8093,862.5505869
Banashankari Stage V,8399.666667,1355.833333,2.583333333,1.833333333,65.14583333,2.833333333,125.9609842,79725.47083,660.8509712
Banashankari Stage VI,6635.125,2469.375,3,1.625,116.7075,3.25,229.4123456,142826.6385,663.9781002
Banashankari stage 2,7191,1030,2,1,77.25,2,95.69009,94538.55,987.965943
Banashankari3rd stage bigbazar,4766,1762,3,1,125,3,163.695086,152975,934.5118643
Banaswadi,7035,1641.692308,2.692307692,1.923076923,126.5769231,2.692307692,152.5181405,154904.8385,776.3501584
"Banaswadi, ",506,3161,4,3,214,4,293.666383,261893.2,891.8051747
Bande Nallasandra,3865,2400,4,1,130,3,222.9672,159094,713.5309588
Bandepalya,10115,1125,2,1,48,2,104.515875,58742.4,562.0428476
Banjara Layout,3416.333333,1757.833333,3,1.833333333,87.88333333,2.666666667,163.3079902,107551.6233,726.3214541
Bank Avenue,2575,2000,4,2,99,4,185.806,121156.2,652.0575224
Bank Of Baroda Colony,4668.5,1377.5,2.833333333,1.833333333,151.5,2.666666667,127.9738825,185405.7,1289.814084
Bannerghatta,7924.666667,1742.533333,3.066666667,1.4,123.3133333,2.733333333,161.8865743,150910.8573,869.9780769
Bannerghatta Road,7434.118519,1557.4,2.407407407,1.548148148,86.86207407,2.6,144.6871322,106301.8063,720.647572
Basapura,6901.6,1222,2.1,1.6,56.7,2.3,113.527466,69389.46,614.3358671
Basava Nagar,6912.666667,1045.666667,1.666666667,1.333333333,48.7,2,97.14557033,59599.06,569.7665319
Basavanagara,5508.5,1757,2.25,1,118.75,3.25,163.230571,145326.25,1135.676537
Basavanapura,4419,1237.833333,2.333333333,1.666666667,56.02833333,2.166666667,114.9984302,68567.47433,604.9287889
Basavangudi,6474.846154,1697.043846,2.615384615,2,165.6730769,2.769230769,157.6604644,202750.7115,1291.748999
Basavanna Nagar,4078,1596.25,3,2,91.875,3,148.2964138,112436.625,759.9499063
Basaveshwara Nagar,3301.75,1782.8125,3.0625,1.4375,190.0625,3.25,165.6286297,232598.4875,1311.055405
Basaveshwara Nagar Yelahanka,7869.8,1695.382,3,1.8,125.6,2.4,157.5060739,153709.28,794.0967616
Basaveswarnagar,3719,2400,4,2,420,6,222.9672,513996,2305.253867
Battarahalli,8433.333333,1578.190476,2.428571429,1.619047619,71.93571429,2.523809524,146.6186298,88034.92714,620.1347784
Begur,5479.875,1573.1875,2.625,1.875,68.63125,2.875,146.1538383,83990.92375,584.746136
Begur Road,7937.205128,1355.935897,2.217948718,2.012820513,54.52628205,2.461538462,125.9705127,66729.26397,521.6147892
Belathur,7220,1108.75,2,1,43.75,2,103.0062013,53541.25,518.3201216
Belatur,9160.333333,1261.666667,2,1.666666667,53.33333333,2,117.2126183,65269.33333,556.362069
Bellandur,8115.733333,1474.955556,2.455555556,1.9,86.884,2.477777778,137.027796,106328.6392,737.2454682
"Bellandur, ",1043,3160,4,3,206,4,293.57348,252102.8,858.7383302
Bellari Road,4294.6,1539,2,1,105.958,2.4,142.977717,129671.4004,718.9330407
Bendiganahalli,3388,1800,4,0.5,122.5,4,167.2254,149915.5,933.0789463
Bennigana Halli,1029,2000,3,1,145,3,185.806,177451,955.0337449
Benson Town,5122.416667,2376.676667,3.333333333,1.583333333,340.0958333,3,220.8003924,416209.2808,1720.297092
Bethel Nagar,7407.666667,870.6666667,2,0.666666667,49,2,80.88754533,59966.2,681.9156467
Bettahalsoor,2697,1200,3,1,85,3,111.4836,104023,933.0789461
Bhagyalakshmi Avenue,8800.666667,678.3333333,1,1.666666667,26.83666667,1.333333333,63.01920167,32842.71267,534.4837639
Bharat Nagar,4057,1500,4,2,180,3,139.3545,220284,1580.745509
Bharathi Nagar,8857.833333,1393.25,2.166666667,1.833333333,68.31166667,2.166666667,129.4371048,83599.81767,641.2987632
Bharathnagar,3954,1245,2,1,120,2,115.664235,146856,1269.675107
Bhattarahalli,10263,905,2,2,50,2,84.077215,61190,727.7833834
Bhoganhalli,7461.833333,1605.708333,2.9375,1.541666667,99.81645833,2.9375,149.1751213,122155.3817,826.8468684
Bhoopsandra,7428,2100,3,1,152.5,3,195.0963,186629.5,954.5293947
Bhuvaneshwari Nagar,5616.4,1040,2,1.4,53.096,2,96.61912,64978.8848,667.5005104
Bhuvaneswari Nagar,2026,1580.666667,2.666666667,0.666666667,110,3,146.8486753,134618,939.0254845
Bidadi,3647.333333,2102.333333,2.666666667,1.333333333,122.6666667,2.666666667,195.3130737,150119.4667,707.2092857
"Bidere Agarahara, Behind Safal market",5253,1060,2,2,42,2,98.47718,51399.6,521.9442718
Bidrahalli,3485.5,1200,1.5,0.5,53.5,2,111.4836,65473.3,647.6665626
Bikasipura,4689.75,2426,3.5,2.25,171.25,4,225.382678,209575.75,901.8623651
Bilal Nagar,9811,650,1,1,20,2,60.38695,24476,405.3193612
Bileshivale,3171.25,3700,6,2,224.25,5,343.7411,274437.15,747.8353319
Billamaranahalli,12016,1100,2,3,55,2,102.1933,67309,658.643962
Billapura,1291,1780,3,0,110,3,165.36734,134618,814.054335
Billekahalli,6700.8125,1374.3125,2.4375,2.0625,87.131875,2.4375,127.6777542,106631.9886,821.2658282
Binnamangala,2650,3968,5,2,900,6,368.639104,1101420,2987.800231
Binny Mills Employees Colony,2554,1500,4,2,230,4,139.3545,281474,2019.841483
Binny Pete,7712.3,1563.25,2.95,1.45,147.5055,2.55,145.2306148,180517.2309,1248.038006
Bisuvanahalli,7115.52,1032.3,2,1.06,41.7596,2.76,95.9037669,51105.39848,531.8128057
Bommanahalli,6908.896552,1264.172414,2.482758621,1.689655172,55.13448276,2.517241379,117.4454098,67473.58,569.518996
Bommasandra,7282.441176,1089.117647,2.235294118,1.294117647,43.44029412,2.323529412,101.1822968,53162.23194,521.4418083
Bommasandra Industrial Area,3378.807692,1400.807692,2.192307692,1.153846154,40.94961538,2.384615385,130.139237,50114.13931,410.6655544
Bommenahalli,2401,1831.2,3,0.5,353.9,3.7,170.1239736,433102.82,2023.562081
Brigade Road,2712,1420,1,0,220,2,131.92226,269236,2040.868615
Brindavan Layout,8016,1650,2,1,94.34,3,153.28995,115453.292,680.6785963
Brindavan Nagar,6294.333333,1350,2.666666667,2,113.3333333,2.666666667,125.41905,138697.3333,1117.669694
Brooke Bond First Cross,8258.5,1492,2.5,2,78,2.5,138.611276,95456.4,682.7446254
Brookefield,6204.325581,1602.860465,2.744186047,2.139534884,114.9767442,2.837209302,148.9105458,140708.5395,909.5635488
Budigere,8728.183673,1392.938776,2.387755102,1.755102041,70.30612245,2.326530612,129.4081911,86040.63265,668.5017072
Bull Temple Road,2551,1350,2,0,140,3,125.41905,171332,1366.076366
Byadarahalli,8612,3327.5,3.25,2.5,390,3.5,309.1347325,477282,1538.314642
Byagadadhenahalli,5796,1130,3,1,38,3,104.98039,46504.4,442.9817797
Byappanahalli,2679,2900,5,2,90,5,269.4187,110142,408.8134936
Byatarayanapura,5521,1088,1.5,1.166666667,85.66666667,1.833333333,101.078464,104838.8667,1025.070695
Byrasandra,9463.857143,1287.142857,2,1.857142857,57.71428571,2.428571429,119.5794329,70630.74286,612.7168014
Byrasandra Extension,9903,1285,2,2,45,2,119.380355,55071,461.3070551
Byrathi Village,2772.333333,1366.666667,2.666666667,2,90,3,126.9674333,110142,992.8089134
CHIKKATIRUPATHI,2526,1500,3,2,100,3,139.3545,122380,878.1919493
CMH Road,9469,2665,3,1,350,3,247.586495,428330,1730.021664
CQAL LAYOUT C BLOCK,3123,1200,3,1,160,3,111.4836,195808,1756.383899
CQAL Layout,5661,2505.5,2.5,2,275,3.5,232.7684665,336545,1232.581057
CV Raman Nagar,8120.375,1309.075,2.275,1.725,76.644,2.3,121.6169947,93796.9272,744.9981769
Cambridge  road,452,1000,2,0,110,3,92.903,134618,1449.016716
Cambridge Layout,6308.25,1808.375,3.125,1.625,251.875,3.25,168.0034626,308244.625,1838.260452
Canara Bank Colony,5350.857143,1296.285714,2.142857143,1.714285714,61.34,2.714285714,120.4288317,75067.892,620.8276738
Canara Bank Layout,3426.5,1525,3,2,77.5,3,141.677075,94844.5,665.7414185
Carmelaram,10187.33333,1751.666667,3,2.333333333,96.33333333,2.666666667,162.7350883,117892.7333,674.648555
Celebrity Paradise Layout,5745,541,1,1,19.245,1,50.260523,23552.031,470.043537
Chaitanya Ananya,3780,1830,4,2,325,4,170.01249,397735,2339.445767
Challaghatta,1551,1564,2.5,1.5,112,2.5,145.300292,137065.6,941.0475623
Chambenahalli,11024,1170,2,3,50,2,108.69651,61190,562.9435572
Chamrajpet,6211,1436.283333,2.5,1.583333333,206.5758333,3.083333333,133.4350305,252807.5048,1520.413678
Chamundi Nagar,2717.5,2275,5,1.5,185,5,211.354325,226403,1039.71654
Chandapura,7535.065934,1029.324286,1.802197802,1.395604396,32.41483516,2.120879121,95.62731412,39669.27527,392.4744684
Chandra Layout,5952.833333,1170.833333,2.166666667,1.5,120.85,2.5,108.7739292,147896.23,1438.416972
Channasandra,7401.473684,1383.368421,2.447368421,1.157894737,62.57842105,2.578947368,128.5190764,76583.47168,564.0554792
Channasandra Layout,8114.285714,1741.142857,2.714285714,1.571428571,70.57142857,3,161.7573949,86365.31429,537.9844293
Chelekare,5759,1007.5,1.75,1.25,51.85,1.75,93.5997725,63454.03,753.5489752
Chellikere,13005,1088,2,2,46,2,101.078464,56294.8,556.9415855
Chennammana Kere,9357.111111,1326.666667,2.333333333,1.777777778,73.57444444,2.555555556,123.2513133,90040.40511,715.1119228
Chennammanakere Achukattu,9661,1140,2,1.5,63.5,2,105.90942,77711.3,727.8292521
Chennappa Layout,1645.25,1157.5,2,1.75,47.45,2.25,107.5352225,58069.31,541.6081173
Chikbasavanapura,12823,1220,2,2,60,2,113.34166,73428,647.84652
Chikka Banaswadi,6626.333333,1299.333333,2.333333333,2.666666667,71,2.333333333,120.7119647,86889.8,730.7201964
Chikka Tirupathi,2979.214286,2689.571429,4.214285714,1.785714286,118.6621429,3.714285714,249.8692544,145218.7304,610.2944487
Chikkaballapur,2677,1500,3,3,100,3,139.3545,122380,878.1919493
Chikkabanavar,4036.2,1849.7,3.5,0.7,68.1,3.7,171.8426791,83340.78,503.4296084
Chikkabidarakallu,82,3309,4,3,325,4,307.416027,397735,1293.800469
Chikkadunnasandra,9641.75,1177.75,2.25,1.25,44.5,2.25,109.4165082,54459.1,505.1214507
Chikkagubbi,4079,4382,4,3,400,4,407.100946,489520,1202.453605
Chikkajala,2157,850,1,0,50,1,78.96755,61190,774.8752494
Chikkakannalli,9959,1448.5,2.5,2,87.5,3,134.5699955,107082.5,795.8285898
Chikkalasandra,6397.464286,1255.178571,1.964285714,1.678571429,56.07535714,2.5,116.6098548,68625.02207,585.5481643
Chikkanahalli,2193,1052,2,2,52,2,97.733956,63637.6,651.130913
Chikkasandra,284,1070,2,2,42,2,99.40621,51399.6,517.0662879
Chikkathoguru,3186.666667,1219.333333,1.666666667,1.666666667,35.83333333,1.666666667,113.2797247,43852.83333,415.0384639
Chikku Lakshmaiah Layout,12131,2296,2.5,1.5,282.5,3,213.305288,345723.5,1620.821888
Chinnapanahalli,7307.5,1058.75,2,1.75,46,2,98.36105125,56294.8,575.2976401
Chokkahalli,1254,2000,3,1,90,3,185.806,110142,592.7795658
Chokkanahalli,5844.5,1233.335,1.5,0.5,48.5,1.5,114.5805215,59354.3,512.4702789
Chokkasandra,381,850,2,1,33,2,78.96755,40385.4,511.4176646
Cholanayakanahalli,4294,1821.833333,3.166666667,1.833333333,260,3,169.2537822,318188,1486.256949
Choodasandra,8014.2,1427.16,2.56,1.84,91.9688,2.6,132.5874455,112551.4174,737.7366749
Chowdeshwari Layout,344,1250,2,1,80,3,116.12875,97904,843.0642713
Chuchangatta Colony,12834,1250,3,2,44,3,116.12875,53847.2,463.6853492
Church Street,6131,6960,4,2,1068,4,646.60488,1307018.4,2167.045265
Ckikkakammana Halli,6947,902,2,2,42,2,83.798506,51399.6,613.3713171
Classic Paradise Layout,12585,1210,2,2,53,2,112.41263,64861.4,576.9938841
Cleveland Town,4248,1545.5,2.5,1.5,122.5,2.5,143.5815865,149915.5,1038.249159
Coconut Garden,5385,1800,3,3,80,3,167.2254,97904,585.4612995
Coconut Grove Layout,7115,1191.4,2.2,2.2,53.8,2.2,110.6846342,65840.44,589.5721026
Coffee Board Layout,6890.666667,1950.833333,2.666666667,2.333333333,105.3333333,2.666666667,181.2382692,128906.9333,697.1834669
Cooke Town,7215,1766.25,2.666666667,2.25,189.5833333,2.583333333,164.0899238,232012.0833,1323.853666
Cottonpet,968,1300,2,1,150,3,120.7739,183570,1427.984388
Cox Town,6384.416667,1329.833333,2.25,1.916666667,126.6666667,2.416666667,123.5455062,155014.6667,1231.950067
Craig Park Layout,5523,1010,2,3,148,2,93.83203,181122.4,1930.283295
Crimson Layout,9780.666667,1436.666667,2.333333333,2,70.66666667,2.333333333,133.4706433,86481.86667,642.195566
Cunningham Road,8092.769231,3904.769231,3.615384615,2,824.3846154,3.384615385,362.7647758,1008881.892,2717.891522
D Group Employees Layout,1835,4400,5,3,240,5,408.7732,293712,718.5206858
D Souza Layout,5395,4634,4,3,1015,3,430.512502,1242157,2885.298323
DUO Layout,8144,1643,3,2,75,3,152.639629,91785,601.3182854
Daadys Gaarden Layout,2888.333333,1646.666667,3,1.666666667,69,3,152.9802733,84442.2,555.9358806
Dairy Circle,9049.4,2737.8,4.3,1.8,333.6,3.3,254.3498334,408259.68,1606.414329
Dasanapura,7349.466667,1036.533333,2.133333333,1.133333333,51.74066667,2.133333333,96.29705627,63320.22787,673.2947933
Dasappa Layout,8504,920,2,1,46,2,85.47076,56294.8,658.643962
Dasarahalli,6444.588235,1538.647059,2.235294118,1.705882353,83.01235294,2.588235294,142.9449277,101590.5175,688.9494793
Deepanjali Nagar,3918,2320,2,0,160,3,215.53496,195808,908.4744303
Defence Colony,5264.25,3275,3.5,2.5,854,3.5,304.257325,1045125.2,2300.702678
Defence Layout,2692,1200,3,1,130,3,111.4836,159094,1427.061918
Dena Bank Colony,1665.5,1245.5,2,2.5,69.75,2.5,115.7106865,85360.05,754.4854613
Devanahalli,7381.794118,1509.558824,2.382352941,1.411764706,93.14,2.441176471,140.2425434,113984.732,744.6674106
Devanahalli Int. Airport,5891,2420,3,1.333333333,164,2.666666667,224.82526,200703.2,826.7961544
Devanahalli Road,5519,1532,3,3,92,3,142.327396,112589.6,791.0606332
Devara Jeevanahalli,1536,1650,3,0,52,3,153.28995,63637.6,415.1452851
Devarabeesana Halli,12740,1738,3,2,110,3,161.465414,134618,833.7265342
Devarabisanahalli,5172,1350,2,3,80,2,125.41905,97904,780.6150661
Devarachikkanahalli,4431.5,922.5,1.5,1,41,1.5,85.7030175,50175.8,567.6118697
Devasandra Extension,12044,1090,2,2,32,2,101.26427,39161.6,386.72673
Devasthanagalu,4344,1203.833333,2.166666667,1.833333333,54.5,2.333333333,111.8397282,66697.1,596.1088179
Devi Nagar,5342,1427.5,2.5,2,69.75,2.5,132.6190325,85360.05,637.8357388
Dinnur,6315,1700,3,1,97,3,157.9351,118708.6,751.6289919
Divya Unnathi Layout,8312,1425.25,2,1.75,57.85,2.5,132.4100008,70796.83,536.6129948
Doctor Layout Rayasandra,4162,2260,3,1,90,2,209.96078,110142,524.5836865
Doctors Layout,8267.428571,1237.142857,2.142857143,1.714285714,53.11428571,2.285714286,114.9342829,65001.26286,563.4218794
Dodda Banaswadi,9322,1392.5,2.5,2.25,57.5,2.75,129.3674275,70368.5,536.4746092
Dodda Kempaiah Layout,5377,1307.5,2.5,1.5,60,2.5,121.4706725,73428,600.7489955
Dodda Nekkundi,7081.75,1506.571429,2.392857143,1.821428571,108.5335714,2.428571429,139.9650054,132823.3847,764.3098076
Dodda Nekkundi Extension,8439.571429,1520.714286,2.428571429,2.428571429,87.71428571,2.571428571,141.2789193,107344.7429,762.3907605
Doddaballapur,4796.222222,2604,2.888888889,1.444444444,184.5555556,3.111111111,241.919412,225859.0889,926.4673856
Doddabanahalli,10427.4,1050,2.4,2,44.666,2.4,97.54815,54662.2508,540.640825
Doddabele,8762,750,2,1,36,2,69.67725,44056.8,632.2982035
Doddabidrakallu,2051,1050,2.5,1,53.5,2.5,97.54815,65473.3,647.6665626
Doddabommasandra,5805,9920,3.8,2.4,102.4,4.8,921.59776,125317.12,464.2783597
Doddagubbi,7558,1040.666667,2.333333333,2,45.33333333,2,96.68105533,55478.93333,568.9226057
Doddakallasandra,7534.5,1191,2,1.5,46.42416667,2.333333333,110.647473,56813.89517,514.2686977
Doddakammanahalli,5452.333333,1326.666667,2.166666667,2,63.25,2.666666667,123.2513133,77405.35,624.570186
Doddakannelli,3889,1291,2.25,1.75,60.75,2.5,119.937773,74345.85,613.729187
Doddanakundi Industrial Area 2,9296.333333,1399.166667,2.333333333,2,72.50166667,2.5,129.9867808,88727.53967,676.3078102
Doddanakunte,2324,2700,5,2,150,5,250.8381,183570,731.8266244
Doddanekundi,5596.833333,1768.5,3,2,221.2333333,2.666666667,164.2989555,270745.3533,1234.728253
Doddathoguru,6688,1098.1,2.1,1.5,43.413,2.133333333,102.0167843,53128.8294,515.4837991
Dodsworth Layout,7558.111111,5538.444444,3,1.888888889,364.6666667,3,514.5381042,446279.0667,866.1923037
Dollar Scheme Colony,4656,3513,6,0.5,310,4,326.368239,379378,1162.658685
Dollars Colony,6871.714286,2992.428571,3.285714286,2,479.2857143,3.285714286,278.0055916,586549.8571,1559.565778
Dollars Layout,6260,2705.333333,3.333333333,2,356,3.333333333,251.3335827,435672.8,1452.542221
Dominic Layout,12700,1115,3,1,39.14,3,103.586845,47899.532,462.4094112
Domlur,6992.285714,1569.380952,2.523809524,1.523809524,160.3809524,2.666666667,145.8001986,196274.2095,1290.864062
Domlur Layout,5022,1766.666667,3,2,318.3333333,3,164.1286333,389576.3333,2308.303144
Dommasandra,6423,1192,2.083333333,1.583333333,38.1975,2.416666667,110.740376,46746.1005,428.5632511
Doopanahalli,2451.8,1548,2.4,1.2,143.8,2.8,143.813844,175982.44,1205.684365
Dooravani Nagar,4427.75,1585,3,0.75,123.75,3,147.251255,151445.25,1029.559744
Dr Shivarama Karantha Nagar,7766,1350,2,1,59.5,2.5,125.41905,72816.1,581.8021665
Duddanahalli,12957,1340,2,2,47,3,124.49002,57518.6,462.0338241
Duvasapalya,9852,1190,2,1,48.6,2,110.55457,59476.68,537.984816
Dwaraka Nagar,10876,1300,2,1,51,3,120.7739,62413.8,516.7821856
Dwarka Nagar,3165,1200,3,3,95.75,3,111.4836,117178.85,1051.085989
"ECC Road, Whitefield, ",494,1353.5,2.5,1.5,80,2.5,125.7442105,97904,778.747018
"EPIP AREA, WHITEFIELD",7018,1801,3,2,139,3,167.318303,170108.2,1016.674189
EPIP Zone,6446.272727,1996.136364,3.090909091,1.727272727,131.9018182,2.772727273,185.4470566,161421.4451,867.3696742
Ejipura,4861.142857,1406,2.428571429,1.285714286,87.85714286,2.428571429,130.621618,107519.5714,824.2232288
Electronic City,6693.549828,1156.57732,2.041237113,1.261168385,55.18783505,2.243986254,107.4495027,67538.87254,606.0657096
"Electronic City Phase 1, ",2292,1500,3,2,50,3,139.3545,61190,439.0959747
Electronic City Phase II,5952.57377,1195.959016,2.106557377,1.344262295,45.93286885,2.344262295,111.1081805,56212.6449,501.7596358
"Electronic city Phase 1, ",1684.5,1350,2.5,1.5,45.5,2.5,125.41905,55682.9,447.0855405
"Electronic city phase 1, ",1981,1150,2,1,39,2,106.83845,47728.2,446.7324264
Electronics City Phase 1,7307.119048,1157.837976,2.05952381,1.345238095,54.5572619,2.154761905,107.5666215,66767.17712,617.683847
Escorts Colony,1095,2400,5,2,93,5,222.9672,113813.4,510.4490705
Esther Enclave Layout,4012.5,1115,2,0,67,2,103.586845,81994.6,798.8333842
Ferrar Nagar,8780,1770,2.5,1.5,127,3,164.43831,155422.6,901.4491514
Frazer Town,5855.9,2328.241667,2.933333333,1.733333333,241.1,2.966666667,216.3006356,295058.18,1362.618662
Friends Colony,779.5,1092.5,2,1.5,59.5,2.5,101.4965275,72816.1,709.5536402
GB Palya,5481,930,2,1,45,2,86.39979,55071,637.3973826
GD Layout,9780,1212,2,1.5,56,2.5,112.598436,68532.8,601.6528039
GKW Layout,3469,1350,4,2,225,4,125.41905,275355,2195.479873
GM Palaya,6469,1267.75,2.166666667,1.5,56.82916667,2.416666667,117.7777783,69547.53417,592.9357731
Gandhi Bazar,10770,1485,2,3,110,3,137.960955,134618,975.7688326
Ganesha Block,2665,2155,2.5,2,209,3,200.205965,255774.2,1219.764951
Ganga Nagar,8053.666667,1066.666667,2,1.666666667,66.44444444,2,99.09653333,81314.71111,838.3719388
Ganga Nagar Extension,6420,1000,2,1,65,3,92.903,79547,856.2371506
Garden Layout,5618,1515,3,3,93.93,3,140.748045,114951.534,816.7185129
Garebhavipalya,6345,1237.5,2.5,1.5,65,2.5,114.9674625,79547,695.7734011
Garudachar Palya,7939.588235,1267,2.058823529,1.647058824,64.74764706,2.470588235,117.708101,79238.17047,652.0262348
Gattahalli,6297,1422.666667,2,1.333333333,67.83333333,2.666666667,132.1700013,83014.43333,626.0066256
Gattigere,7247,1180,2,2,63,2,109.62554,77099.4,703.2977899
Gaundanapalya,420,1010,2,2,46,2,93.83203,56294.8,599.9529159
Gaurava Nagar,5486,1240,2,2,46,3,115.19972,56294.8,488.6713266
Gayathri Nagar,4265,880,1,0,90,2,81.75464,110142,1347.226286
Geddalahalli,9753,1047.666667,2,1.666666667,44,2,97.33137633,53847.2,541.3951679
Geleyara Balaga Layout,4705,700,1,1,26,2,65.0321,31818.8,489.2783718
Giri Nagar,2882.5,2310,3.5,1.3,323.4,4,214.60593,395776.92,1921.63598
Gkvk Layout,6125,1250,3,2,143,2.666666667,116.12875,175003.4,1490.486892
Glass Factory Layout,7969.25,1397.75,2.75,2.25,58.75,2.75,129.8551683,71898.25,550.5236895
Gnana Bharathi,1929,3400,7,1,150,7.5,315.8702,183570,578.6004249
Gokaula Extension,8171,1500,2,1,90,3,139.3545,110142,790.3727544
Gokula Extension,6324.5,1386,2.5,1.5,90,3,128.763558,110142,855.4690527
Gollahalli,8977,1306.444444,2.111111111,1.111111111,51.9,2.222222222,121.3726082,63515.22,529.5220318
Gollarapalya Hosahalli,5926.333333,1168.166667,2.5,1.583333333,48.58333333,2.5,108.5261878,59456.28333,550.3771983
Gopal Reddy Layout,562,2100,3,1,75,3,195.0963,91785,470.4599728
Gopalapura,9913,2429.428333,3.666666667,2.166666667,324.6666667,3.333333333,225.7011805,397327.0667,1732.130602
Gopalkrishna Nagar,7715.571429,1336.428571,2.142857143,1.428571429,76.14285714,2.428571429,124.1582236,93183.62857,752.5502648
Gottigere,6992.130435,1333.847826,2.195652174,1.739130435,59.53978261,2.434782609,123.9184646,72864.78596,575.8436243
Govindapura,12003,1405,2,1.5,74,2,130.528715,90561.2,705.9054371
Govindaraja Nagar Ward,4340.5,1720,3.5,2.5,207.5,3.5,159.79316,253938.5,1290.146003
Govindpura,8865,1514.333333,2.666666667,1,71.32,2.666666667,140.6861097,87281.416,620.1777562
Govindraja Nagar,6548,1065,2,3,50,2,98.941695,61190,618.4450347
Gowdanapalya,1504,510,1,0,34,1,47.38053,41609.2,878.1919493
Green Domain Layout,8576,1690,2.5,2.5,122.5,2.5,157.00607,149915.5,919.1121655
Green Garden Layout,5907,1422.5,2.5,1,57.5,2.5,132.1545175,70368.5,539.765905
Green Glen Layout,7752.432432,1755.019189,2.945945946,2.162162162,113.7513514,2.972972973,163.0465477,139208.9038,845.8458169
Green View Layout,4496.571429,1033.142857,2,1.428571429,42.14285714,2,95.98207086,51574.42857,542.3708367
Green Woods Layout,4485,1203,2,1.5,59.5,2,111.762309,72816.1,651.7079933
Gubbalala,7216.125,1839.291667,2.875,1.833333333,102.7108333,2.958333333,170.8757137,125697.5178,703.8701166
"Gubbi Cross, Hennur Main Road",4229,3600,4,2,300,4,334.4508,367140,1097.739937
Guddadahalli,7875,1265,3,2,102.5,3,117.522295,125439.5,1045.850535
Gulakamale,2330,1200,2,3,50,2,111.4836,61190,548.8699683
Gulimangala,8820.666667,1436.666667,2.666666667,2.666666667,51.66666667,2.666666667,133.4706433,63229.66667,474.1490562
Guni Agrahara,11686,1200,2,2,120,3,111.4836,146856,1317.287924
Gunjur,7908.190476,1380.952381,2.333333333,2.047619048,58.70190476,2.476190476,128.294619,71839.39105,556.1764977
Gunjur Palya,8549.5,1039,2,1.8,39.806,2.3,96.526217,48714.5828,495.9784758
HAL 2nd Stage,4859.285714,1962.285714,3.285714286,1.142857143,403.5714286,3.428571429,182.3022297,493890.7143,2560.120616
HAL 3rd Stage,4908,1532.5,2.5,2.5,199.5,2.5,142.3738475,244148.1,1505.007339
HAL Layout,1603,1675,3,2,65,3,155.612525,79547,511.1863586
HBR Layout,5931.571429,1545,2.5,1.071428571,126.9285714,2.571428571,143.535135,155335.1857,1052.482731
HMT Layout,6317,1380,2.666666667,2.333333333,74.33333333,2.666666667,128.20614,90969.13333,715.3979189
HOSUR MAIN ROAD,8387.142857,1453.857143,2.714285714,2,55.71428571,2.714285714,135.0676901,68183.14286,504.847683
HOSUR RMAIN ROAD,10666,1464,3,2,56,3,136.009992,68532.8,503.8806267
HRBR Layout,5586.533333,1508.8,2.466666667,1.733333333,125.1,2.6,140.1720464,153097.38,1079.595716
HSR Layout,6887.0625,1464.604167,2.375,1.75,86.64583333,2.458333333,136.0661209,106037.1708,717.0085475
"HSR Layout 7th sector, ",1563,1872,3,2,152,3,173.914416,186017.6,1069.592759
Hadosiddapura,8161,1145,2.5,2,110,2.5,106.373935,134618,1237.978731
Hagadur,5199.333333,1098.666667,2,1.666666667,47.83333333,2,102.0694293,58538.43333,573.430919
Hal old airport road,4282,1200,3,2,110,3,111.4836,134618,1207.51393
Halanayakanahalli,4340,1520,3,1,165,3,141.21256,201927,1429.950707
Handenahalli,3117,4750,2,1,120,4,441.28925,146856,332.7885282
Hanumagiri,717,1100,2,1,38,2,102.1933,46504.4,455.063101
Hanuman Nagar,12835,2072,3,2,108,3,192.495016,132170.4,686.6172577
Hanumanth Nagar,9423.25,1280,2.25,2.25,57.5875,2.25,118.91584,70475.5825,592.6482512
Hanumantha Nagar,10709.5,2850,5,3,217.5,5,264.77355,266176.5,961.7698762
Haralur Road,8279.592593,1422.251852,2.348148148,1.785185185,75.62674074,2.392592593,132.1314638,92552.00532,684.8406882
"Haralur Road, ",1881,2597,4,3,189,4,241.269091,231298.2,958.6731522
Harappanahalli,4432,1855.5,2,1.5,71.5,2,172.3815165,87501.7,501.8643423
Harlur,7783.864865,1588.533514,2.635135135,1.527027027,104.1472973,2.594594595,147.579529,127455.4624,848.1984652
Harohalli,1974,1305,2,2,52,2,121.238415,63637.6,524.8963375
Harsha Layout,7147.25,925,2.25,1.25,38,1.75,85.935275,46504.4,489.632222
Havanur extension,4517,2000,2,2,360,3,185.806,440568,2371.118263
Hebbal,7406.464286,1964.880952,2.994047619,1.672619048,157.7025,2.898809524,182.5433351,192996.3195,966.7262219
Hebbal Kempapura,6354.04,2001.28,2.92,2.04,180.76,3.04,185.9249158,221214.088,1128.722224
Hegde Nagar,7674,1955.587333,3.4,1.822222222,142.9077778,3.066666667,181.67993,174890.5384,920.6686217
Hegganahalli,2125,1200,1.333333333,0.333333333,47,1,111.4836,57518.6,515.9377702
Hennagara,5116,823,2,1,28,2,76.459169,34266.4,448.1660009
Hennur,8259.38,1327.42,2.24,1.5,66.1078,2.34,123.3213003,80902.72564,648.3228451
Hennur Bande,4431,1600,2,1.666666667,69.33333333,2.333333333,148.6448,84850.13333,672.8813163
Hennur Busstop,5479,1100,2,1,62.7,2,102.1933,76732.26,750.8541167
Hennur Gardens,5609.857143,1670.142857,2.428571429,1.714285714,119.5714286,2.857142857,155.1612819,146331.5143,962.3362175
Hennur Road,7876.876812,1587.507246,2.514492754,1.52173913,102.3316667,2.65942029,147.4841857,125233.4937,806.3231497
Herohalli,1072.5,1475,3,0.5,76.125,3.25,137.031925,93161.775,749.2075068
Hessarghatta,6541,978.4,2.2,1.2,41.6,2.2,90.8962952,50910.08,547.6174602
High grounds,8918,1900,2,2,190,3,176.5157,232522,1317.287924
Himagiri Meadows,2610.666667,1153,3.333333333,0.666666667,130.3333333,3,107.117159,159501.9333,1388.499839
Hiremath Layout,8096.6,1786,2.6,1.8,89.6,3,165.924758,109652.48,679.4544506
Hommadevanahalli,2466,927,2,1,50,2,86.121081,61190,710.5112858
Hongasandra,4718.4,1028,2,1.2,44,2,95.504284,53847.2,584.6948198
Hoodi,6851.822785,1495.544304,2.53164557,1.658227848,91.12620253,2.582278481,138.9405525,111520.2467,789.4625504
"Hoodi Circle, ",2262.857143,1287,2.142857143,1.571428571,61.7,2.142857143,119.566161,75508.46,636.8632287
Hoodi Layout,5528,1330,2.5,2,81.5,2.5,123.56099,99739.7,812.2518469
Horamavu Agara,7782.368421,1204.885789,2.157894737,1.473684211,50.77368421,2.394736842,111.9375045,62136.83474,556.1957998
Horamavu Banaswadi,7872.84,1368.16,2.44,1.76,60.82,2.32,127.1061685,74431.516,575.2631306
Hormavu,7719.41791,1370.955224,2.23880597,1.388059701,69.73119403,2.328358209,127.3658532,85337.03525,643.518661
Hosa Road,8413.68254,1283.318095,2.238095238,1.253968254,68.43031746,2.349206349,119.224101,83745.02251,691.1326952
Hosahalli,2421,1375,3,2,70,3,127.741625,85666,670.6193067
Hosahalli Extension,5123.5,2000,4,2,180,4,185.806,220284,1185.559132
Hosakerehalli,6353.233333,2165.466667,3.233333333,1.4,186.0906667,3.2,201.1783497,227737.7579,1078.870758
Hosakerehalli Layout,905,1790,4,2.5,89.5,4.5,166.29637,109530.1,693.2837556
Hosapalya,7710,700,1,0.5,59.5,1.5,65.0321,72816.1,1226.724379
Hoskote,7818.857143,1190.642857,2.357142857,2.142857143,41.38214286,2.428571429,110.6142934,50643.46643,462.8328304
Hosur Road,7602.222222,1532.688889,2.422222222,1.644444444,91.96644444,2.666666667,142.3913958,112548.5347,765.6425764
Howthinarayanappa Garden,6107,1022,2,2,52,2,94.946866,63637.6,670.2443449
Hoysalanagar,4769.833333,1134.166667,2.166666667,2,48.83333333,2.5,105.3674858,59762.23333,563.5444845
Hulimavu,6833.636364,1326.090909,2.227272727,1.772727273,83.73409091,2.295454545,123.1978237,102473.7805,873.4391223
Hunasamaranahalli,2911.5,5750,4,2,787.5,4,534.19225,963742.5,1901.834441
Huskur,958.1428571,1207.142857,2,1,34.86,2.428571429,112.1471929,42661.668,380.408188
Huttanahalli,2936,2400,4,2,325,3,222.9672,397735,1783.827397
ISRO Layout,4860.555556,1856.666667,2.666666667,2.111111111,102.8888889,2.888888889,172.4899033,125915.4222,704.6276624
ITI Layout,3447.5,1613.333333,2.666666667,1.333333333,113.7116667,3.166666667,149.8835067,139160.3377,887.9090658
ITPL,6352,1386,2.9,1.2,67.513,2.8,128.763558,82622.4094,591.2081785
Iblur Village,8870.875,2938.083333,4,1.541666667,221.625,3.5,272.9567559,271224.675,975.5985303
Iggalur,2425,910,2,1,30.5,2,84.54173,37325.9,441.5085899
Immadihalli,4642,971.75,2,1.5,62,1.75,90.27849025,75875.6,847.790366
Indira Nagar,5004.74359,1825.205128,3.051282051,1.769230769,258.7692308,3.128205128,169.567032,316681.7846,1717.813159
Indira Nagar 3rd Stage,6771,1740,3,2,199,3,161.65122,243536.2,1506.55343
Indira Nagar Stage 2,9718,1196,2,1,96,2,111.111988,117484.8,1057.354855
Indiranagar HAL 2nd Stage,2625,2400,4,1,640,4,222.9672,783232,3512.767797
Indra Nagar,7920,1550,3,2,258,3,143.99965,315740.4,2192.646996
Infantry Road,2056,2170,3,2,265,4,201.59951,324307,1608.669585
Ittamadu,4917.166667,1392.5,2.5,1.166666667,74.66666667,2.333333333,129.3674275,91377.06667,700.5517173
J C Nagar,7673,1362.5,2.5,1.5,86.5,3,126.5803375,105858.7,873.513058
J.P.nagar 6th Phase.Sarakki Nagar,8738,2690,4,2,185,4,249.90907,226403,905.941509
JCR Layout,7774.5,1140,2,1.5,40.32,2,105.90942,49343.616,465.7597985
JP Nagar,6839.474576,1608.79661,2.389830508,1.694915254,101.5652542,2.644067797,149.4620315,124295.5581,773.9312188
"JP Nagar 7th Phase, ",4480,1326.5,2,1.5,83.5,2.5,123.2358295,102187.3,831.3672393
"JP Nagar 8th Phase, ",705,1853,3,2,82,3,172.149259,100351.6,582.9336739
"JP nagar 9th Phase, ",711,1531,3,2,72,3,142.234493,88113.6,619.4953006
Jagadish Nagar,10518,1465,2,2,88,3,136.102895,107694.4,791.271927
Jagajyothi layout,8620,1250,2,3,58,2,116.12875,70980.4,611.2215967
Jai Bheema Nagar,6023.5,1404.5,2,2,62.5,2.5,130.4822635,76487.5,584.1808177
Jakkasandra,12993,1600,3,2,102,3,148.6448,124827.6,839.7710515
Jakkasandra Extension,4822.4,1364.8,2.6,1.8,105.6,2.4,126.7940144,129233.28,906.8045554
Jakkur,8472.538462,1741.612154,2.738461538,1.615384615,120.9729231,2.707692308,161.8009939,148046.6633,850.3874042
Jakkur Plantation,8229.5,2042.25,3.375,2.75,153.375,3,189.7311517,187700.325,934.5314088
JakkurYelahanka,423,1370,2,2,75,2,127.27711,91785,721.1430241
Jakkuru Layout,6032.6,1229,2,1.2,57.54,2,114.177787,70417.452,618.2254862
Jaladarsini Layout,843,1000,2,2,48,2,92.903,58742.4,632.2982035
Jalahalli,8378.111111,1402,2.311111111,1.644444444,91.63066667,2.355555556,130.250006,112137.6099,847.0610146
Jalahalli East,7603.9,1090,2,1.2,54.846,2.2,101.26427,67120.5348,656.916506
Jalahalli West,5906.375,864.5,1.75,1.125,45.46,1.75,80.3146435,55633.948,696.4936565
Janatha Colony,10169,1269.5,2.5,1.5,57.415,2.5,117.9403585,70264.477,606.8370727
Javarandoddi,12189,648,1,1,40,1,60.201144,48952,813.1406938
Jaya Mahal layout,6678.5,2149,3,3,206.5,3,199.648547,252714.7,1290.5454
Jaya Nagar East,5311,3095,3,3,350,3,287.534785,428330,1489.663242
Jayamahal,2403.333333,1791.666667,2.666666667,1,346.6666667,3,166.4512083,424250.6667,2170.43687
Jayamahal Extension,8422,2250,4,1,400,4,209.03175,489520,2341.845198
Jayanagar,6476.285714,1763.714286,2.285714286,2.285714286,202.4285714,2.571428571,163.8543483,247732.0857,1483.31073
"Jayanagar, ",10807,1903,3,2,165,3,176.794409,201927,1142.15716
Jayanti Nagar,3071.5,980,2.5,1,53.745,2,91.04494,65773.131,709.1111111
Jaymahal Road,9695,3400,3,3,400,3,315.8702,489520,1549.750499
Jeevan bima nagar,5062.6,1323.8,2.2,1.8,125.6,2.4,122.9849914,153709.28,1190.569599
Jigani,6458.425532,1226.361702,2.638297872,2.063829787,70.27021277,2.617021277,113.9326812,85996.68638,735.2003791
Jinkethimmanahalli,3691,1300,2,0.666666667,94.33333333,2.333333333,120.7739,115445.1333,940.3972123
Jnana Ganga Nagar,6468.5,1275,2,1.5,82.5,2.5,118.451325,100963.5,848.8620907
Jnanabharathi Layout,1851,2300,4,1.5,121,4,213.6769,148079.8,689.0812966
Jogupalya,12915,1800,3,1,130,3,167.2254,159094,951.3746118
Judicial Layout,7394.4,1525.4,2.9,1.7,115.532,3,141.7142362,141388.0616,1006.128804
"Judicial Layout, Kanakapura Road, ",1416.75,1000,2.5,1.5,48.25,2.5,92.903,59048.35,635.4865111
Junnasandra,3115,3884,4,3,240,4,360.835252,293712,813.9781199
Jyothi Nagar,1312,959,2,1,42.5,2,89.093977,52011.5,583.7824481
K R C kothanur,2455,1140,2,3,45,2,105.90942,55071,519.9820752
KAMAKIYA,12729,1650,3,2,135,3,153.28995,165213,1077.781029
KEB Colony,11876.5,1270,2.5,1.5,63.42,2.5,117.98681,77613.396,628.4983345
KG Halli,1407,375,1,0,26,1,34.838625,31818.8,913.3196273
KPC Layout,5580,1210,2,2,62,2,112.41263,75875.6,674.9739776
KR Garden,4082.6,1235,2.2,2,114.6,2.2,114.735205,140247.48,1147.951983
KR Layout,3351.666667,2266.666667,2.333333333,1,260.3333333,2,210.5801333,318595.9333,996.6873354
KR Puram,5957.126761,1418.482817,2.436619718,1.352112676,69.86338028,2.563380282,131.7813091,85498.80479,629.5464924
KSRTC Layout,6363.333333,1305,2.666666667,2,74.16666667,3,121.238415,90765.16667,731.3974668
KUDLU MAIN ROAD,8543.444444,1464,2.888888889,2.111111111,54.88888889,2.888888889,136.009992,67173.02222,493.8829952
Kachanayakanahalli,9054.666667,838.3333333,2,0.666666667,38,2,77.88368167,46504.4,597.9451088
Kacharakanahalli,6654.166667,1229.5,2.166666667,1.5,63.06,2.166666667,114.2242385,77172.828,688.0407435
Kada Agrahara,5169.666667,1423.333333,2.666666667,1.666666667,46.66666667,2.333333333,132.2319367,57110.66667,450.4548335
Kadabagere,8282,623.3333333,1.666666667,1,19.16666667,1.666666667,57.90953667,23456.16667,430.2765256
Kadarenahalli,1420,400,1,0,35,1,37.1612,42833,1152.626933
Kadubeesanahalli,7612.083333,1484.75,2.5,1.666666667,104.3333333,2.583333333,137.9377293,127683.1333,828.8503373
Kadugodi,7102.189189,1790.540541,2.864864865,1.972972973,94.09918919,2.972972973,166.3465878,115158.5877,690.5819005
Kadugondanahalli,4353,800,1,0,45,2,74.3224,55071,740.9744572
Kaggadasapura,6172.868852,1340.409836,2.327868852,1.819672131,59.57213115,2.508196721,124.528095,72904.3741,578.0356282
Kaggalipura,7424.789474,1230,2.157894737,0.842105263,70.92105263,2.315789474,114.27069,86793.18421,725.1817649
Kaikondrahalli,7585.2,1304.266667,2.466666667,1.733333333,72.98666667,2.533333333,121.1702861,89321.08267,691.5290589
Kalena Agrahara,7835.030303,1308.848485,2.272727273,1.939393939,73.48484848,2.333333333,121.5959508,89930.75758,708.2868015
Kalhalli,3090,2400,2,1,160,2,222.9672,195808,878.1919493
Kalkere,6899.6,1076.8,2.2,2.1,54.4,2.2,100.0379504,66574.72,671.9821683
Kalkere Channasandra,3389,1200,2,0,53,2,111.4836,64861.4,581.8021664
Kallumantapa,6685.6,1101.8,2,1.8,54.6,2,102.3605254,66819.48,652.1418397
Kalyan nagar,4477.111111,2048.111111,2.833333333,1.777777778,122.0833333,2.722222222,190.2756666,149405.5833,788.5824745
Kamakshipalya,3590.833333,1049.833333,1.833333333,0.833333333,77.83333333,2.166666667,97.53266617,95252.43333,1020.714601
Kamakya Layout,6333.666667,2116.666667,3.666666667,2,152.6666667,4,196.6446833,186833.4667,1065.805684
Kamala Nagar,5904.5,1266.25,2,0.75,139,2,117.6384238,170108.2,1128.562698
Kambipura,7871.833333,949.375,2,1,44.33375,2.333333333,88.19978563,54255.64325,614.8331561
Kamdhenu Nagar,9367,1000,2,1,46,2,92.903,56294.8,605.952445
Kammagondahalli,7405.25,1627.5,3.5,2,84.125,3.5,151.1996325,102952.175,732.2413271
Kammanahalli,3495,1579.181818,2.727272727,1.090909091,125.6363636,3,146.7107285,153753.7818,1045.756938
Kammasandra,7904,1098.653846,2.076923077,1.461538462,37.92961538,2.230769231,102.0682383,46418.26331,451.4555914
Kanaka Nagar,5185.285714,1572.624286,3,1,112,2.857142857,146.101514,137065.6,904.5707323
Kanakapur main road,13173,1025,2,2,43.04,2,95.225575,52672.352,553.1324122
Kanakapura,7330.219512,1289.95122,2.170731707,1.804878049,60.74439024,2.390243902,119.8403381,74338.98478,611.8078626
Kanakapura  Rod,11808,1305,2,1,45.68,3,121.238415,55903.184,461.1012442
Kanakapura Main Road,9823,1080,2,1,37.8,2,100.33524,46259.64,461.0507734
Kanakapura Road,570,1950,3,2,130,3,181.16085,159094,878.1919493
"Kanakapura Road, ",2116,1884,3,2,95,3,175.029252,116261,664.2375413
Kanakapura main  Road,13042,1495,2,2,52.33,3,138.889985,64041.454,461.0948298
Kanakpura Road,7920.367589,1323.457668,2.383399209,1.778656126,70.33849802,2.470355731,122.9531877,86080.25388,689.6679435
Kannamangala,6412.444444,1526.222222,2.722222222,1.333333333,90.10944444,2.722222222,141.7906231,110275.9381,764.460906
Kannur,7267,1200,2,1,55,3,111.4836,67309,603.7569652
Kariyammana Agrahara,7114.5,1800,3,2.5,90,3,167.2254,110142,658.643962
Karuna Nagar,6137.090909,1652.818182,2.727272727,1.727272727,139.7272727,2.909090909,153.5517675,170998.2364,1151.209644
Kasavanhalli,7056.727273,1620.481169,2.61038961,1.896103896,99.19675325,2.636363636,150.547562,121396.9866,780.3341138
Kashi Nagar,2474.666667,1330,2.666666667,1.666666667,57.33333333,2.666666667,123.56099,70164.53333,557.4796933
Kasturi Nagar,7162.153846,1477.461538,2.692307692,1.846153846,115.9615385,2.846153846,137.2606093,141913.7308,1007.096401
Kathreguppe,2844,3200,4,2,1200,4,297.2896,1468560,4939.829715
Kathriguppe,8879.909091,1314.272727,2.363636364,1.863636364,77.99227273,2.909090909,122.0998792,95446.94336,787.9668704
Kathriguppe IV Phase,11051,1630,3,2,131,3,151.43189,160317.8,1058.679252
Kattigenahalli,4136.666667,1687.333333,3.333333333,1.333333333,80.66666667,3.666666667,156.7583287,98719.86667,646.491151
Kaval Byrasandra,5148.85,1271.4,2.1,1.55,61.15,2.2,118.1168742,74835.37,641.9566201
Kaverappa Layout,7590.555556,1516.746667,2.333333333,1.888888889,89.88888889,2.333333333,140.9103156,110006.0222,776.895299
Kaveri Nagar,7290,1325,2,2.5,90,2,123.096475,110142,756.8627983
Keerthi Layout,6419,780,2,2,25,2,72.46434,30595,422.2076679
Kempapura,774.5,2885,4,2,152.5,4,268.025155,186629.5,688.4597374
Kempegowda Nagar,7916,1729,3,2,101.5,3,160.629287,124215.7,775.3560837
Kenchanehalli R R Nagar,5791,1410,2,2,45.12,3,130.99323,55217.856,421.5321357
Kenchenahalli,10166.08333,1056.666667,1.75,1.75,54.75,2,98.16750333,67003.05,687.6833376
Kenchenhalli,6700.666667,1270.333333,3.333333333,1.333333333,73.99666667,3,118.0177777,90557.12067,827.6561203
Kengeri,5713.446154,1082.784615,2.030769231,1.384615385,51.54969231,2.092307692,100.5939391,63086.51345,580.7017612
Kengeri Hobli,5865,1461,1.5,0,68.5,2.5,135.731283,83830.3,595.7266045
Kengeri Satellite Town,6381.033333,1136.146667,1.933333333,1.6,51.897,2.1,105.5514338,63511.5486,549.6487855
Kengeri Satellite Town ( BDA SITE),2711,1600,3,1,172,4,148.6448,210493.6,1416.084518
Kengeri Satellite Town KHB Apartment,12892,1100,2,2,45,3,102.1933,55071,538.8905143
Kengeri Satellite Town Stage II,9881,500,1,1,20,1,46.4515,24476,526.9151696
Kereguddadahalli,4094.4,1058.266667,2.066666667,1.533333333,34.20666667,2.266666667,98.31614813,41862.11867,429.3239337
Keshava Nagar,9026,1700.714286,2.714285714,2.571428571,144.2857143,2.714285714,158.0014593,176576.8571,1115.937208
Kirloskar Layout,2454,1900,3.5,2,62,3.5,176.5157,75875.6,408.9081264
"Kirloskar layout, Basaveshwarnagar",5946,1200,2,1,49.5,2,111.4836,60578.1,543.3812686
Kithaganur,4087.5,1200,2.5,0.5,66,2.5,111.4836,80770.8,724.5083582
Kodanda Reddy Layout,4580,1660,2,2,105,3,154.21898,128499,833.2242893
Kodathi,8615.75,945.5,2,1.5,33.325,2.25,87.8397865,40783.135,455.648444
Kodbisanhalli,5532.625,1745.875,2.625,1.875,149.75,2.625,162.1970251,183264.05,905.3788794
Kodichikkanahalli,6825.807692,1389.192308,2.5,1.769230769,64.63461538,2.576923077,129.060133,79099.84231,604.5273031
Kodigehaali,5452.083333,1277.75,2.416666667,1.666666667,76.58333333,2.5,118.7068083,93722.68333,738.4966702
Kodigehalli,6357.142857,1221.571429,2.571428571,1.571428571,112.5228571,2.428571429,113.4876504,137705.4726,1185.803406
Kodihalli,7325.071429,2690.428571,4.142857143,2.071428571,388.2142857,3.357142857,249.9488856,475096.6429,1744.464186
Kodipalya,7613,929,2.5,0.5,52.5,2.5,86.306887,64249.5,670.3741974
Kogilu,6613.347826,1394.478261,2.695652174,1.52173913,92.11652174,2.695652174,129.5512139,112732.1993,761.3578172
Konanakunte,5449.5,2368.1,3,1.6,205.5,3.2,220.0035943,251490.9,1034.876255
Konanakunte Cross,6662.25,1613.75,1.75,1.75,98,2.25,149.9222163,119932.4,794.3922631
Konappana Agrahara,10672,1060,2,1,42.5,2,98.47718,52011.5,528.157894
Konena Agrahara,7778,1865,3.333333333,1,189,3,173.264095,231298.2,1026.189573
Koramangala,6623.971014,1761.144928,2.782608696,1.565217391,196.7398551,2.782608696,163.6156472,240770.2346,1386.441012
Kothannur,7079.409091,1273.954545,2.318181818,1.681818182,48.68863636,2.636363636,118.3541991,59585.15318,502.824236
Kothanur,8112.642857,1617.160714,2.607142857,1.928571429,90.29642857,2.607142857,150.2390818,110504.7693,712.9715642
Kothnoor Dinne,10621,1150,2,2,36.5,2,106.83845,44668.7,419.6360394
Kothnur Narayanapura,3497,1290,1,0,77.5,2,119.84487,94844.5,791.3939078
Krishna Nagar,4202,1650,2,1,140,4,153.28995,171332,1117.698845
Krishna Reddy Layout,10321,1715,3,2,164,3,159.328645,200703.2,1114.618947
Kudlu,7875.275862,1189.586207,2.068965517,1.724137931,57.7737931,2.275862069,110.5161274,70703.568,630.2031099
Kudlu Gate,7669.594595,1456.081081,2.459459459,1.648648649,81.60972973,2.513513514,135.2743007,99873.98724,740.8172199
"Kudlu Village, ",494,1445,3,2,64,3,134.244835,78323.2,583.4354819
Kullappa Colony,2677.5,1270,2,2,62.5,2,117.98681,76487.5,662.0866446
Kumara Park,5283.75,1962.5,3,1.5,333,2.75,182.3221375,407525.4,2015.327795
Kumarapalli,7205.75,1425.5,2,2.25,60.65,2.75,132.4332265,74223.47,560.3950938
Kumaraswami Layout,4103.210526,1815.842105,3.210526316,1.368421053,128.8684211,3.631578947,168.6971791,157709.1737,896.5793804
Kumbena Agrahara,5722,1295,2,2,46.855,2.5,120.309385,57341.149,483.2660528
Kundalahalli,6959.934783,1631.913043,2.673913043,1.760869565,130.4328261,2.652173913,151.6096175,159623.6926,997.8869106
Kundalahalli Colony,7010.333333,1787.833333,2.5,2,99.83333333,2.666666667,166.0950802,122176.0333,733.4295732
Kurubarahalli,2483.666667,1066.666667,1.666666667,0,63.66666667,1.666666667,99.09653333,77915.26667,794.0318875
Kuvempu Layout,3464,2200,4,2,160,3,204.3866,195808,958.0275811
Kuvempu Nagar,10870,1121.666667,2,1.333333333,73.33333333,2,104.2061983,89745.33333,815.3372296
Kyalasanahalli,3584,1200,3,2,99,3,111.4836,121156.2,1086.762537
LB Shastri Nagar,7393.3,1172.6,2,1.5,58.3,2.1,108.9380578,71347.54,657.6286213
LIC Colony,12639,1200,2,1,115,2,111.4836,140737,1262.400927
Laggere,3997.333333,1413.333333,2.444444444,0.555555556,92.33333333,2.444444444,131.3029067,112997.5333,938.1301612
Lake City,8565,727.5,1.75,1,29.2,1.75,67.5869325,35734.96,526.7462865
Lakshmi Layout,5571,1390,3,1,120,3,129.13517,146856,1137.226985
Lakshmiamma Garden,8138.5,2400,3,2,192.5,3,222.9672,235581.5,1020.898141
Lakshminarayana Pura,6050.742857,1342.942857,2.285714286,1.685714286,97.34285714,2.314285714,124.7634203,119128.1886,933.823718
"Lakshminarayanapura, Electronic City Phase 2",45,2000,4,1,75.5,4,185.806,92396.9,497.2761913
Lakshmipura,3434.333333,1258.333333,2,0.333333333,83.33333333,2,116.9029417,101983.3333,865.2065903
Lakshmipura Vidyaanyapura,3412,3500,6,2,120,8,325.1605,146856,451.6415739
Lal Bahadur Shastri Nagar,2539.5,1628,2,1.5,116.5,2.5,151.246084,142572.7,877.0377833
Lalbagh Road,5742,3675,4,3,367,4,341.418525,449134.6,1315.495695
Langford Gardens,10600.5,2777.29,5,2,649.5,3,258.0185729,794858.1,3080.623582
Langford Town,8798.5,1693,2,2,157.5,2,157.284779,192748.5,1207.587525
Lavakusha Nagar,10733.75,1572.75,3,1.5,75.5,3,146.1131933,92396.9,627.6194979
Lavelle Road,9530,1601,2.5,0.75,257.75,2.5,148.737703,315434.45,2090.229854
Laxmi Sagar Layout,4803.25,1936.5,2.75,1.75,159,2.75,179.9066595,194584.2,1057.695686
Laxminarayana Layout,3023,1584,3,2,145,4,147.158352,177451,1205.850688
Lingadheeranahalli,8443.608696,1737.782609,3.130434783,1.391304348,115.3482609,3.130434783,161.4452177,141163.2017,871.1917053
Lingarajapuram,5651,967.6,1.8,1.4,61.972,1.8,89.8929428,75841.3336,959.6221886
Lottegolla Halli,9913.5,1600,2.5,2,72.5,2.5,148.6448,88725.5,593.7928642
M.G Road,5130,1250,2,0,200,2,116.12875,244760,2107.660678
MCECHS  layout,7555,1400,2.333333333,2,61.33333333,2.666666667,130.0642,75059.73333,578.1430333
"MEI layout, Bagalgunte",4226,1200,2,0,90,3,111.4836,110142,987.965943
MLA Layout,9054,1010,2,1,38,2,93.83203,46504.4,497.4265445
MRCR Layout,8556,1191,2,1,90,2,110.647473,110142,995.4316806
MS Pallya,3889.166667,1980.5,3.666666667,0.666666667,91.5,3.833333333,183.9943915,111977.7,692.4700012
Madanayakahalli,3230,1200,2,1,34,2,111.4836,41609.2,373.2315785
Madavara,4182,1000,2,1,35,2,92.903,42833,461.0507734
Madiwala,8930.6,1063,2.4,1.8,48.3,2.4,98.755889,59109.54,851.8284761
Magadi Road,5969.631579,1436.578947,2.368421053,1.157894737,78.78789474,2.736842105,133.4624939,96420.62558,709.928876
Mahadevpura,8142.533333,1444.433333,2.266666667,1.7,75.47966667,2.433333333,134.19219,92372.01607,663.1806428
Mahaganapathy Nagar,5860,1410,2,2.5,70,2,130.99323,85666,653.9727282
Mahalakshmi Layout,6446.75,2423.5,3.875,1.375,374.75,4.375,225.1504205,458619.05,1628.799153
Mahalakshmi Puram,4274,1828.333333,3.833333333,2,226.3333333,3.833333333,169.8576517,276986.7333,1624.069796
Maheswari Nagar,2139,1000,2,2,60,2,92.903,73428,790.3727544
Mailasandra,7966,999,2,1,43.66,2,92.810097,53431.108,575.7036112
Maithri Layout,8890.8,1443.2,2.4,2.4,55.726,2.6,134.0776096,68197.4788,503.9798705
Makali,8934,505,1,1,16,1,46.916015,19580.8,416.658606
Malimakanapura,2735,1168,3,0,70,3,108.510704,85666,789.4705024
Mallappa Layout,2255,1500,3,2,75,3,139.3545,91785,658.643962
Mallasandra,6286.357143,1379.928571,2.285714286,1.785714286,72.985,2.5,128.1995041,89319.043,706.5626835
Mallathahalli,6946,1189,2.2,1.6,60.816,2.4,110.461667,74426.6208,675.9065436
Malleshpalya,6279.117647,1373.823529,2.352941176,1.764705882,80.05058824,2.470588235,127.6323274,97965.90988,749.1415463
Malleshwaram,6913.702128,2469.702128,3.29787234,1.936170213,397.9638298,3.063829787,229.4427368,487028.1349,1783.821704
Malur Hosur Road,3411,2800,4,3,100,6,260.1284,122380,470.4599728
Manayata Tech Park,7055,1314.285714,2.285714286,2,65,2.142857143,122.1010857,79547,606.9208151
Mangammanapalya,7810.333333,1186,2.666666667,2,51.83333333,2.666666667,110.182958,63433.63333,584.4840551
Mango Garden Layout,5249,1824,3,3,125,3,169.455072,152975,902.7466584
Manjunatha Layout,1566,1250,2,1.5,92.5,2,116.12875,113201.5,990.0769814
Manorayana Palya,1299,1413.333333,2,1.333333333,90.66666667,2.333333333,131.3029067,110957.8667,830.5750721
"Maragondana Halli, kr puram, old madras road",564,1199,2,2,50,2,111.390697,61190,549.3277414
Maragondanahalli,6021.166667,1283.833333,2.5,1.666666667,64.04166667,2.5,119.2719682,78374.19167,671.5619484
Marasandra,7770.333333,2613.333333,3.333333333,2.333333333,138.6666667,3,242.7865067,169700.2667,602.4205861
Marathahalli,7220.6,1587.33125,2.5625,1.84375,96.88375,2.6125,147.4678351,118566.3333,773.4548582
Marenahalli,7705.5,1352.5,2.5,1,107.5,2,125.6513075,131558.5,1082.499388
Margondanahalli,3420.590909,1211.772727,2,0.454545455,62.05727273,2.227272727,112.5773217,75945.69036,694.8704998
Mariyannapalya,6893.5,1012.5,2,2.5,46,2,94.0642875,56294.8,605.9524451
Marsur,3012,1280,3.4,1.6,114.2,3.2,118.91584,139757.96,1176.484481
Maruthi Extension,3193,2000,4,2,180,5,185.806,220284,1185.559132
Maruthi HBCS Layout,5514,1250,3,3,39.5,3,116.12875,48340.1,416.262984
Maruthi Layout,5807,916,2,1,42,2,85.099148,51399.6,603.9966464
Maruthi Nagar,5086.25,1127,2.25,1.5,48,2.5,104.701681,58742.4,565.5497269
Maruthi Sevanagar,2315.6,1386.6,2.4,0.8,107.2,2.8,128.8192998,131191.36,908.241303
Maruthi nagar kogilu,4243,1200,3,0,78,2,111.4836,95456.4,856.2371506
Mathikere,5535.571429,1390.714286,2.285714286,0.714285714,132.1428571,2.857142857,129.2015293,161716.4286,1292.942811
Mathikere Extension,2124,2500,2.5,0.5,205,3.5,232.2575,250879,1075.785138
Mathikere SBM colony,3030,1500,1,0,160,2,139.3545,195808,1405.107119
Medahalli,6124.4,1013.4,2,1.4,47.5,2,94.1479002,58130.5,645.6010127
Medaralli,4311,1344,4,1,84,4,124.861632,102799.2,823.3049525
Medi Agrahara,3216,1350,4,2,85,4,125.41905,104023,829.4035077
Meenakunte,2965.333333,4014,3.333333333,2,255.8333333,3.333333333,372.912642,313088.8333,850.7405589
Michael Palaya,4181,1200,3,0,200,3,111.4836,244760,2195.479873
Mico Layout,8107.090909,1536,2.636363636,1.818181818,63.84090909,2.818181818,142.699008,78128.50455,569.4109657
Millers Road,1715,2850,4,3,460,3,264.77355,562948,2126.14893
Moodalapalya,2969,720,1.333333333,1,56.33333333,1.333333333,66.89016,68940.73333,1158.071009
Motappa Layout,7139.666667,1235.666667,2,1.166666667,55.545,2.5,114.7971403,67975.971,592.3443581
Mukkutam Nagar,2534,2600,8,2,180,8,241.5478,220284,911.9685627
Muneshwara Nagar,3976.5,1395,2,3,57,2.5,129.599685,69756.6,535.6888509
Munivenkatppa Layout,5293.75,2806.25,2.75,1.75,217.5,3,260.7090438,266176.5,1165.875144
Munnekollal,5154.055556,1619.944444,2.722222222,2.166666667,69.71833333,2.888888889,150.4976987,85321.29633,621.6309799
Murugeshpalya,9306,1703.666667,2.583333333,1.75,100.4166667,2.833333333,158.2757443,122889.9167,731.4458086
Muthurayya Swamy Layout,5760,3000,5,2,310,3.5,278.709,379378,1371.607544
Mylasandra,5169.666667,906.6666667,2,1.333333333,58.66666667,1.666666667,84.23205333,71796.26667,1082.31224
Mysore Road,7532,1169.443488,2.23255814,1.441860465,65.00674419,2.372093023,108.6448084,79555.25353,721.3886199
NGR Layout,8328.928571,1024.285714,1.928571429,1.357142857,46.75785714,1.928571429,95.15921571,57222.26557,600.8485924
NR Colony,371,1068,2,1,40.05,2,99.220404,49013.19,493.9829715
NRI Layout,4048.25,1685,2.833333333,1.583333333,84.535,2.833333333,156.541555,103453.933,698.7233439
NS Palya,4201.5,1600,2,1,117,2,148.6448,143184.6,933.0789461
NTI Layout,8493,1200,2,2,52.5,2,111.4836,64249.5,576.3134667
Nagadevanahalli,5836.714286,1378.571429,2.285714286,1.857142857,78.57142857,2.714285714,128.0734214,96155.71429,733.2302177
Naganathapura,5273.75,1184.75,2,0.875,61.35625,1.875,110.0668293,75087.77875,780.8499013
Nagappa Reddy Layout,5677,1386.4,2.2,2,60.32,2.6,128.8007192,73819.616,566.4284566
Nagaraja Garden,1729.6,1349.6,2.6,1,87.78,2.8,125.3818888,107425.164,851.9483063
Nagarbhavi,5388.186047,1373.023256,2.372093023,1.627906977,106.9581395,2.581395349,127.5579795,130895.3712,1073.704206
Nagasandra,5400.5,2170,3.625,1.75,110.5,3.875,201.59951,135229.9,740.2427037
Nagashetty Halli,8629.6,4132.2,2.4,1.4,89.2,2.8,383.8937766,109162.96,778.6744726
Nagavara,6765.25,1698.290625,2.4375,1.6875,113.638125,2.5625,157.7762939,139070.3374,799.6328038
Nagavarapalya,8031.666667,1089.733333,1.8,1.2,78.38933333,1.8,101.2394959,95932.86613,916.6165748
Nagawara Junction,4749,1570,2.5,2,133.5,2.5,145.85771,163377.3,1231.176324
Nagondanahalli,5271.5,1280.25,2.25,2,50.375,2.25,118.9390658,61648.925,517.8692523
Naidu Layout,10232.5,1417.5,3,2,79.5,3,131.6900025,97292.1,741.1407815
Nallurhalli,9775.125,1261.125,2.375,2.125,69,2.375,117.1622959,84442.2,717.4354292
Nandi Durga Road,3623,2257.5,3.5,0.5,287.5,2.5,209.7285225,351842.5,1720.972933
Nandi Hills,3405,4100,4,2,245,4,380.9023,299831,793.6659742
Nandini Layout,3900,1200,2,1.5,90,2,111.4836,110142,987.9659428
Nanjappa Garden,7648,1712.5,4,3,130,4,159.0963875,159094,912.1302838
Nanjappa Layout,11498,1516,2.5,2,89.64,2.5,140.840948,109701.432,815.0600229
Narayana Nagar 1st Block,5223.333333,1344.333333,2,2,62.66666667,2.666666667,124.8925997,76691.46667,609.0844547
Narayanappa Garden,9397,1475,2,1,70,2,137.031925,85666,625.153591
Narayanapura,6298.636364,1637.545455,2.636363636,1.727272727,91.57090909,2.636363636,152.1328854,112064.4785,750.8273414
Nayandanahalli,5970.5,2467.5,3.25,1.75,71.75,3.5,229.2381525,87807.65,593.3688819
Ncpr Industrial Layout,4690,1285,2,3,72.5,2,119.380355,88725.5,743.2169221
"Near Electronic City, ",740,3200,5,1,150,4,297.2896,183570,617.4787144
Near International Airport,10862,1715,3,1.5,103,3,159.328645,126051.4,747.7837463
Near ullas theater,7653,1900,3,2,205,3,176.5157,250879,1421.284339
Neeladri Nagar,6736.75,1446.333333,2.166666667,1.333333333,81.20833333,2.25,134.3687057,99382.75833,584.2489045
Neelamangala,6873,1081.5,2,1.5,56.5,2,100.4745945,69144.7,681.4954529
Nehru Nagar,7436.222222,1590.888889,2.777777778,2.222222222,86.56666667,2.888888889,147.7983504,105940.2867,687.7032532
Nelamangala,2777,7722.125,2.625,1.5,65.6875,2.875,717.4085789,80388.3625,469.3982398
New Gurappana Palya,4313.333333,1783.333333,3,0.666666667,129.3333333,3.333333333,165.6770167,158278.1333,771.2122028
New Thippasandra,5444.25,1509,3.25,2,153.7,3.25,140.190627,188098.06,1130.401345
Ngef Layout,4324.5,2078.75,2.75,1.5,419,3,193.1221113,512772.2,2470.583513
Nobo Nagar,10903.5,1312,2,2.5,50,2.5,121.888736,61190,501.3834655
Nyanappana Halli,8335.666667,1041.666667,2,2,48,2,96.77395833,58742.4,604.4592612
OLd Gurappanapalya,6867.333333,1730.666667,3,1.666666667,118,3,160.7841253,144408.4,838.7375254
OMBR Layout,7153.733333,1647.066667,2.733333333,2.066666667,131.0333333,2.733333333,153.0174345,160358.5933,959.3485137
Off Bannergatta Road,11803,1645,3,2,87,3,152.825435,106470.6,696.6811513
Off Bannergatta road,11372,2180,4,3,115,4,202.52854,140737,694.8995929
"Off Sarjapur Road, ",1216.4,1675,2.6,1.6,87.2,2.6,155.612525,106715.36,677.0835776
"Off Sarjapur road, ",2988,3000,4,3,342,4,278.709,418539.6,1501.708233
Old Airport Road,7679.384615,2123.115385,3.192307692,2.423076923,171.4865385,3.192307692,197.2437886,209865.2258,1004.628907
Old Madras Road,8692.169231,1829.661538,2.984615385,1.553846154,106.5273846,2.738461538,169.9810459,130368.2133,737.7483131
Old Mangammanapalya Road,12118,3200,4,2,140,3,297.2896,171332,576.3134667
Omarbagh Layout,8100,3300,5,3,318,4,306.5799,389168.4,1269.386545
Omkar Nagar,8291,1400,2.5,1.5,67.5,3,130.0642,82606.5,649.1302159
Outer Ring Road East,3234.5,2344.375,2.75,1.5,187,2.875,217.7994706,228850.6,936.675413
P Krishnappa Layout,6820,1340,3,3,77,3,124.49002,94232.6,756.9490309
P&T Colony,138,425,1,0,20.03,1,39.483775,24512.714,620.8300498
P&T Layout,7996.333333,1127.666667,2,2.333333333,41.36666667,2,104.7636163,50624.52667,496.0871067
PC Palaya,4038,900,2,1,48,2,83.6127,58742.4,702.5535594
PNS Layout,9994,1166,2,3,65,2,108.324898,79547,734.3371789
Padmanabhanagar,6856.615385,1865.269231,2.692307692,1.307692308,145.1030769,2.884615385,173.2891073,177577.1455,920.619877
Pai Layout,7197.777778,1190.5,2,1.944444444,61.27777778,2.277777778,110.6010215,74991.74444,686.9724797
"Pai layout , Mahadevapura",314,2700,4,2,214,6,250.8381,261893.2,1044.072651
Palace Road,1502.5,1565,1.5,0.5,137.5,2.5,145.393195,168272.5,1164.224678
Palanahalli,2042,4139,4.5,2.5,489,4,384.525517,598438.2,1551.098175
Pampa Extension,10573.5,1085.5,2,2,62.75,2,100.8462065,76793.45,749.0919805
Panathur,7929.46,1248.88,2.12,1.36,74.1102,2.22,116.0246986,90696.06276,779.9785269
"Panathur Road, ",1918,936,1,0,53,1,86.957208,64861.4,745.9002134
Panduranga Nagar,3807.5,1163.5,2,1.5,60,2,108.0926405,73428,623.9633111
Papareddipalya,2591,1600,2,0,115,2,148.6448,140737,946.8006953
Parappana Agrahara,9508.133333,1187.6,1.933333333,1.866666667,46.13333333,1.933333333,110.3316028,56457.97333,511.7575203
Patelappa Layout,1481,1200,2.5,2,143.5,2.5,111.4836,175615.3,1575.256809
Pattanagere,3602.75,1237.5,2.25,0,56.25,2.25,114.9674625,68838.75,603.4171076
Pattandur Agrahara,7688.272727,1237.272727,2.090909091,1.818181818,60.51363636,2.272727273,114.9463482,74056.58818,629.4838755
Peenya,4822.571429,1082.285714,2.142857143,1.571428571,62.27142857,2.285714286,100.5475897,76207.77429,772.1471971
Phase 1 Kammasandra,10917,1043.5,2,1.5,26.59,2,96.9442805,32540.842,335.6483282
Poorna Pragna Layout,7334.421053,1250,2,2,61.35473684,2.684210526,116.12875,75085.92695,639.3236942
Poornapragna Housing Society Layout,7699.75,1546.25,2.25,1.75,131.9,2.75,143.6512638,161419.22,931.9447499
Popular Colony,2947,1300,2,0,54,2,120.7739,66085.2,547.1811376
Postal Colony,4268,1500,1.5,0.5,209,2.5,139.3545,255774.2,1835.421174
Pragathi Nagar,5224.666667,1248.333333,2,1,45.58333333,2,115.9739117,55784.88333,485.1710321
Prakash Nagar,1803,800,2,2,55,2,74.3224,67309,905.6354477
Prakruthi Nagar,4985,1240,2,2,60,2,115.19972,73428,637.3973826
Prasanth Extension,3110,1200,3,1,46.14,2,111.4836,56466.132,506.4972068
Prashanth Nagar,4125.5,2925,3.5,0.5,375,4,271.741275,458925,1524.638801
Prestige Sunrise,6378,700,1,1,41,1,65.0321,50175.8,771.5543555
Prithvi Layout,6446.909091,1878.545455,2.909090909,2,152.6818182,2.636363636,174.5225084,186852.0091,966.0181288
Pulkeshi Nagar,5030.5,1020.275,1.5,1.5,99.1,1.5,94.78660835,121278.58,1486.749708
Punappa Layout,9654,1310,2,1,55,3,121.70293,67309,553.0598154
Puttanahalli,9472,1289,2.5,2,59,2.75,119.751967,72204.2,589.8432584
Puttappa Layout,976,2675,4,2,290,4,248.515525,354902,1428.087843
Queens Road,1632,1405,3,0,169,3,130.528715,206822.2,1584.495795
R.T. Nagar,5565.821429,1493.571429,2.785714286,1.5,124.5,2.928571429,138.7572664,152363.1,1072.28398
RBI Layout,11674,1460,2,2,87,3,135.63838,106470.6,784.9592424
RK Layout 2nd Stage,6674,1150,2,2,77.5,3,106.83845,94844.5,887.737514
RMV,4699.666667,2275,3.666666667,1.666666667,363.3333333,3,211.354325,444647.3333,2049.864009
RMV 2nd Stage,2694.4,1592,3,1,195.8,3,147.901576,239620.04,1668.622102
RMV Extension,6532.2,1628.4,2.8,1.8,94.8,2.8,151.2832452,116016.24,744.3234068
RMV Extension Stage 2,5153.5,2731,5,3,140,5,253.718093,171332,717.2058132
RPC layout,6018,1150,2,1.5,67.5,2,106.83845,82606.5,774.9046007
RR Layout,5692.5,1900,3,1,128,4,176.5157,156646.4,884.8337371
RR Nagar,10461,648,1,1,34,1,60.201144,41609.2,691.1695897
RWF West Colony,4972,1270.333333,2.333333333,2,60.76,2.666666667,118.0177777,74358.088,632.5351369
Race Course Road,1183,2500,4,1,450,4,232.2575,550710,2371.118263
Rachenahalli,8298.867925,1341.54717,2.169811321,1.867924528,70.84207547,2.320754717,124.6337567,86696.53196,677.7249641
Raghavendra Layout,5920,1634.5,3,2,89.5,3,151.8499535,109530.1,725.959831
Raghavendra Nagar,6410,1803,2.5,1.5,74.135,2.5,167.504109,90726.413,541.511947
Raghuvanahalli,1006.6,851,1.6,1.2,180.86,1.6,79.060453,221336.468,5091.044677
Rahat Bagh,1090,3900,5,1,550,4,362.3217,673090,1857.713739
Rahmath Nagar,2188,1400,3,2,98,3,130.0642,119932.4,922.1015468
Rainbow Drive,3400,1500,3,2,138,3,139.3545,168884.4,1211.90489
Raja Rajashweri Nagar,12519,1410,2,2,45.12,3,130.99323,55217.856,421.5321357
Raja Rajeshwari Nagar,7796.078788,1350.606061,2.303030303,1.715151515,59.34,2.442424242,125.4753548,72620.292,575.599981
Raja Rajeshwari Nagar 5th Stage,9541.75,1132.75,2,1.5,54.5825,2.25,105.2358733,66798.0635,630.4788103
Raja Rajeshwari Nagara,11306,1537,3,2,81,3,142.791911,99127.8,694.211593
Rajaji Nagar,7824.659341,2220.285714,3.10989011,1.714285714,322.3424176,3.065934066,206.2712037,394482.6506,1781.37783
Rajankunte,2037,3884.5,3.5,1.5,235,3,360.8817035,287593,837.7516311
Rajanna Layout,1081,1116,2,1,37.6,2,103.679748,46014.88,443.8174367
Rajapura,1839,1000,2,0,50,2,92.903,61190,658.643962
Rajarajesheari nagar,10820,1400,2,1,44.8,2,130.0642,54826.24,421.5321357
Rajarajeshwari Nagara,8315.5,1705,2.5,2,65.06,3,158.399615,79620.428,490.6897517
Rajarajeshwari nagar,7533.5,1705,2.5,2,65.06,3,158.399615,79620.428,490.6897517
Rajarajeshwarinagar,7367,2000,3,2,85,3,185.806,104023,559.8473677
Rajasree Layout,6204.5,1365,3,3,80,3,126.812595,97904,777.1871286
Rajiv Gandhi Nagar,8002.666667,1336.333333,2.166666667,2,73.83333333,2.166666667,124.1493757,90357.23333,724.1223274
Rajiv Nagar,7559.923077,1807,3.384615385,1.153846154,117.4476923,3.076923077,167.875721,143732.4858,844.0056054
Ramagondanahalli,7929.708333,1698.020833,2.479166667,1.645833333,119.0789583,2.583333333,157.7512295,145728.8292,730.8880246
Ramakrishnappa Layout,4115,2088,3,1.8,264,2.4,193.981464,323083.2,1630.594262
Ramamohanapuram,2818,2800,3,2,500,4,260.1284,611900,2352.299864
Ramamurthy Nagar,4583.45614,1410.017544,2.473684211,1.315789474,80.07631579,2.561403509,130.9948599,97997.39526,737.6763187
Ramamurthy Nagar Extension,4775,1358.333333,2.666666667,1.666666667,52.08666667,2.666666667,126.1932417,63743.66267,501.4818183
Ramanashree Enclave,12140,1175,2,2,53.75,2,109.161025,65779.25,611.0702258
Ramanjaneyanagar,5499.8,1431,2.2,1.8,86.678,3,132.944193,106076.5364,710.3516131
Ramchandrapuram,4059,400,2,1,50,1,37.1612,61190,1646.609905
Ramesh Nagar,4618,2266.666667,1.666666667,1.333333333,136.6666667,2,210.5801333,167252.6667,998.420609
Rammana Layout,11253,2000,3,2,100,3,185.806,122380,658.643962
Rayasandra,6917,1369.65,2.4,1.65,61.351,2.65,127.244594,75081.3538,590.9531866
Reliaable Tranquil Layout,7647.25,1365.375,2.5,1,68.375,2.5,126.8474336,83677.325,657.9133019
Reliable Woods Layout,6434,1306,2,2,58,3,121.331318,70980.4,585.0130137
Remco Bhel Layout,1107,1452.5,2,0.5,83,2.5,134.9416075,101575.4,732.3036628
Rest House Road,10642,2500,3,2,400,3,232.2575,489520,2107.660678
Richards Town,5081.5,1650,2.666666667,1.5,180,2.666666667,153.28995,220284,1330.409271
Richmond Road,11844,3500,3,1,630,3,325.1605,770994,2371.118263
Richmond Town,6288.666667,1616.666667,3.166666667,2,216.1666667,3.166666667,150.1931833,264544.7667,1729.158963
Roopena Agrahara,6104.285714,1120.714286,2,1.714285714,57.98714286,2.285714286,104.1177193,70964.66543,686.5563331
Rukmaiah Layout,5420,1655,3,2,86.06,3,153.754465,105320.228,684.9897205
Rustam Bagh Layout,4302.166667,1305,2.166666667,2.5,89.16666667,2.333333333,121.238415,109122.1667,884.294233
S R Layout,7473,1096,2,2,48,2,101.821688,58742.4,576.9144193
SARJAPUR BAGALUR ROAD,3924,10961,4,1,80,4,1018.309783,97904,96.14363098
SBM Colony,3290,1350,2,2,280,3,125.41905,342664,2732.152731
SHANTHINAGAR,10418,1500,3,1,95,3,139.3545,116261,834.2823518
SMV layout,3192,1200,3.5,0,142.5,3,111.4836,174391.5,1564.27941
SRINIVASAPURA,9028.5,1257.5,2.5,1.5,56.59,2.5,116.8255225,69254.842,592.8011607
Sabari Nagar,4231,1120,2,0,60,2,104.05136,73428,705.6899593
Sadanand Nagar,6105,3100,3.5,2.5,350,3,287.9993,428330,1428.804362
Sadaramangala,10477,1327,2,2,57,2,123.282281,69756.6,569.7868002
Sadashiva Nagar,5857.75,4621.5,4.125,2.125,945.125,3.75,429.3512145,1156643.975,2447.59805
Sadduguntepalya,7505,1200,2,2,75,2,111.4836,91785,823.3049525
Sadhguru Layout,12810,2559,1,1,55,1,237.738777,67309,283.1216718
Sahakara Nagar,5985.060606,1329.969697,2.242424242,1.787878788,90.61060606,2.424242424,123.5581748,110889.2597,883.8903381
Sahyadri Layout,640,1750,3,1,180,3,162.58025,220284,1354.924722
Sai Gardens,8668.25,1351.5,2.25,2.25,58.25,2.25,125.5584045,71286.35,562.5947252
Samethanahalli,2184,1162.833333,2.166666667,1,48.83333333,2.166666667,108.0307052,59762.23333,576.6524765
Sampangi Rama Nagar,883.5,1115,2,1.5,102.5,2,103.586845,125439.5,1197.655587
Sampige Layout,6246,1315,2,2,90,2,122.167445,110142,901.5658795
Sampigehalli,3079.5,1396,2.5,1.5,68,2.5,129.692588,83218.4,645.1014919
Sanjay nagar,5927.375,1442.5,2.3125,1.6875,121.7,2.4375,134.0125775,148936.46,1006.832737
Sanne Amanikere,5730,1055,1.5,1.5,36,2,98.012665,44056.8,475.2064094
Saptagiri Layout,877,1100,2,2,44,2,102.1933,53847.2,526.9151696
Sarakki Nagar,6968.916667,2288.583333,3.916666667,2.083333333,268.8525,3.25,212.6162574,329021.6895,1517.797994
Sarjapur,6309.652778,1651.777778,2.513888889,1.541666667,93.21861111,2.666666667,153.4551109,114080.9363,625.6376371
Sarjapur  Road,7940.767956,1669.395718,2.624309392,1.640883978,113.7518232,2.67679558,155.0918704,139209.4812,805.7052215
"Sarjapur Road, ",1377.75,1926.5,2.875,1.875,133.5,2.875,178.9776295,163377.3,853.6959382
Sarjapura - Attibele Road,6610.4375,1632.4375,2.6875,1.875,76.78625,2.75,151.6583411,93971.01275,514.9784273
Sarvabhouma Nagar,1001.5,756,1.5,0,33,1.5,70.234668,40385.4,589.4993627
Sarvobhogam Nagar,2395,1490,3,0,140,3,138.42547,171332,1237.720197
Sathanur,403,1620,2,1,110,3,150.50286,134618,894.4547632
Sathya Layout,10376,1364,2,1.666666667,84.33333333,2.666666667,126.719692,103207.1333,796.3290084
Sathya Sai Layout,7054.285714,6254.142857,5.571428571,1.571428571,610.5714286,4.285714286,581.0286339,747217.3143,1325.290013
Satyasaibaba Layout,10437,1190,2,3,42.25,2,110.55457,51705.55,467.6925612
Sector 1 HSR Layout,6990.166667,1830.166667,3.5,2.166666667,233.1666667,3,170.0279738,285349.3667,1509.340625
Sector 2 HSR Layout,6657.833333,1249.666667,2,2,78.03416667,2.166666667,116.0977823,95498.21317,841.1440908
Sector 6 HSR Layout,4054.666667,3066.666667,4.333333333,1.333333333,530,4.333333333,284.9025333,648614,2422.923885
Sector 7 HSR Layout,6539.5,1864.166667,2.833333333,1.833333333,174.0408333,2.75,173.1866758,212991.1718,1294.014644
Seegehalli,6134.958333,1925,2.958333333,1.791666667,137.4391667,2.791666667,178.838275,168198.0522,778.6447998
Seethappa Layout,8245,850,2,1,42,2,78.96755,51399.6,650.8952095
Seetharampalya,8629.75,1379.875,2.5,2.125,73.75,2.625,128.1945271,90255.25,708.3515952
Seshadripuram,5582.5,1228.5,2,1,132,2,114.1313355,161541.6,1418.737285
Shakthi Nagar,8331,1125,2,2,36,2,104.515875,44056.8,421.5321357
Shampura,3167,1498.555556,2.777777778,2.111111111,69.33333333,3,139.2203068,84850.13333,638.7597456
Shankarapuram,8793.75,1427,2.25,1,165,2.5,132.572581,201927,1528.50511
Shanthala Nagar,4722.75,3250.25,2.75,1.75,827.5,3,301.9579758,1012694.5,2365.5208
Shanthi Layout,3373,1276,3.5,0,81,3,118.544228,99127.8,836.0234606
Shanthi Pura,11542,800,2,1,32,2,74.3224,39161.6,526.9151696
Shanti Nagar,7272.8,1836.8,2.6,1,222.6,3,170.6442304,272417.88,1466.508022
Shantiniketan Layout,4859.333333,1801.166667,3.166666667,2,116.3333333,3,167.3337868,142368.7333,818.1762414
Shauhardha Layout,11720,509,1,1,20,1,47.287627,24476,517.5983984
Shettigere,8567,1023.333333,1.333333333,1,59,1.666666667,95.07073667,72204.2,697.8964809
Shettihalli,1119,2100,4,1,90,4,195.0963,110142,564.5519674
Shetty Halli,6899,4400,3,2.5,291,3,408.7732,356125.8,716.2753086
Shikaripalya,8869.875,1321.875,2.375,1.375,53.71125,2.625,122.8061531,65731.82775,534.1750419
Shingapura,2868,1302.5,2,0.5,52.5,2,121.0061575,64249.5,534.437531
Shirdi Sai Layout,7648,1450,2,3,62.63,2,134.70935,76646.594,568.9775357
Shirdi Sai Nagar,3201,1200,3,0,85,3,111.4836,104023,933.0789461
Shivaji Nagar,6972.555556,1698.777778,2.222222222,1.666666667,146.5,2.333333333,157.8215519,179286.7,1097.970277
Shree Ananth Nagar Layout,5635.5,1260,2,1.666666667,46.91666667,2.166666667,117.05778,57416.61667,496.9518114
Siddapura,6583,4467.5,3.166666667,1.666666667,314.1666667,3,415.0441525,384477.1667,1018.608813
Sidedahalli,2176.666667,968,1.666666667,0.5,43.21666667,2,89.930104,52888.55667,565.6097124
Silk Board,7569.2,1244,2.4,1.8,53.97,2.6,115.571332,66048.486,573.5863156
Silver Springs Layout,7930.25,1522.25,2.5,2.5,68,2.75,141.4215918,83218.4,587.9140164
Singanayakanahalli,6687,1223.333333,2,0,60.66666667,2.666666667,113.6513367,74243.86667,680.0655851
Singapura Village,3969.2,1172,2.4,0.6,57.8,2.4,108.882316,70735.64,613.3219815
Singasandra,7619.428571,1360.795238,2.285714286,1.666666667,63,2.333333333,126.42196,77099.4,620.0434525
Singena Agrahara,3224.333333,1500,3,1.666666667,118,3,139.3545,144408.4,1036.2665
Sneha Colony,4414.5,1155,2,1.5,77.5,2,107.302965,94844.5,925.2379464
Somanna Garden,3831,1350,4,2,160,4,125.41905,195808,1561.230132
Somasundara Palya,6954.208333,1434.375,2.375,2.375,69.50416667,2.5,133.2577406,85059.19917,651.5436953
Sompura,5899.166667,1201.75,2.25,1.583333333,46.58333333,2.666666667,111.6461803,57008.68333,509.4559791
Sonam Layout,8519,905,2,1,50,2,84.077215,61190,727.7833834
Sonnenahalli,7390.952381,1202.095238,2.095238095,1.142857143,55.43714286,2.333333333,111.6782539,67843.97543,619.22839
Soppahalli,11082,620,1,1,25,1,57.59986,30595,531.1644855
Soundarya Layout,6648,930,2,2,29.5,2,86.39979,36102.1,417.141176
Sree Narayana Nagar,5809,1358,3,3,50,3,126.162274,61190,485.0102813
Sri Balaji Krupa Layout,2317.333333,1850,3,0.666666667,188.3333333,3,171.87055,230482.3333,1264.57027
Sri Kanteshwara Nagar,2994,1200,3,0,200,3,111.4836,244760,2195.479873
Sri Sai Layout,9962,1000,2,2,35,2,92.903,42833,461.0507734
Sri Venkateshpura Layout,1051,1098,2,1,44,2,102.007494,53847.2,531.7757683
Srigandada Kaval,6388,1200,2,0,53,2,111.4836,64861.4,581.8021664
Srinagar,1936,1540,3,1.5,157.5,3.5,143.07062,192748.5,1455.359214
Srinivas Colony,9018.5,3575,3,1.5,922,3,332.128225,1128343.6,3607.273227
Srinivasa Nagar,5585.8,1636,2.2,1.2,76.788,3,151.989308,93973.1544,719.2416873
Srirampura,707,1493,2.5,3,77.5,2.5,138.704179,94844.5,669.5975757
Srirampuram,3823.333333,1111.666667,1.666666667,2,252,2.333333333,103.2771683,308397.6,4204.847195
St Thomas Town,6946,1060,3,1,62,3,98.47718,75875.6,770.4891631
St. John's Road,1196,2412,3,1,345,3,224.082036,422211,1516.959358
Stage-4 Bommanahalli,5301.25,1324.75,2.25,1.25,55.25,2.5,123.0732493,67614.95,553.6609941
Subash Nagar,6203.5,1025,2,1,50,2,95.225575,61190,660.2348895
Subramanya Nagar,3609,840,1,1,150,1,78.03852,183570,2352.299864
Subramanyapura,7973.7,1195.8,2.125,1.55,62.938,2.45,111.0934074,77023.5244,694.8194916
Suddaguntepalya,6580.75,1276.25,2.5,1.5,50,2.75,118.5674538,61190,518.6537363
Sugama Layout,10054,826,2,2,36,2,76.737878,44056.8,574.1206448
Sultan Palaya,6054,1675.181818,2.636363636,2.090909091,94.45454545,2.636363636,155.6294165,115593.4727,721.4534806
Sulthangunta,2598,600,1,0,50,1,55.7418,61190,1097.739937
Sundar Ram Shetty Nagar,5940,1375,2,3,85,3,127.741625,104023,814.3234439
Sundara Nagar,2540,900,2,1,110,2,83.6127,134618,1610.018574
Sunder Ram Shetty Nagar,3076,1520,3,2.5,94.5,3,141.21256,115649.1,814.8607992
Sunkadakatte,3136.5,1250,2.75,0.25,63,2.75,116.12875,77099.4,669.6213614
Sunkan palya,12088,927,2,2,37,2,86.121081,45280.6,525.7783515
Surabhi Layout,4012.666667,1754.333333,3,2,110,3,162.9828297,134618,826.2112011
Suragajakkanahalli,3792,1200,3,2,72,3,111.4836,88113.6,790.3727544
Suraksha Nagar,7371.833333,1540.333333,3,1.833333333,61.49833333,3,143.1015877,75261.66033,528.8582009
Suryanagar,3762,1500,2,1,45,2,139.3545,55071,395.1863772
Syndicate Bank Colony,1964,1350,3.5,2.5,153,3.5,125.41905,187241.4,1416.084518
T C Palya main Road,9728,1175,2,1,48.72,2,109.161025,59623.536,546.1980226
T Dasarahalli,1532.5,1200,3,1.5,110,3,111.4836,134618,1207.513931
T G extension,3466,1200,1,2,95,2,111.4836,116261,1042.85294
T K Reddy Layout,5632,1616,3,1,75,3,150.131248,91785,611.3650637
T R Mill Road,9705,1225,2,2,82,3,113.806175,100351.6,881.7764062
T c palya,2968,1500,2,0,85,3,139.3545,104023,746.4631569
T.C PALYA,2899.666667,1210,2,0,73,2,112.41263,89337.4,794.6566175
TC Palaya,3891.54717,1346.226415,2.245283019,0.547169811,76.82943396,2.660377358,125.0684726,94023.86128,738.0771697
"TR Mill Road, Chamarajpet",8985,1175,2,2,79,2,109.161025,96680.2,885.6659233
Tala Cauvery Layout,4126.75,1417.5,2.25,2.75,91,2.5,131.6900025,111365.8,833.9517369
Talaghattapura,8215.052632,1720.578947,2.657894737,1.605263158,105.4155263,2.710526316,159.8469459,129007.5211,737.4814536
Tasker Town,6859,993.3333333,1.666666667,0.666666667,73.66666667,2,92.28364667,90153.26667,960.1330369
Tata Nagar,4592.25,1529.5,2.75,2.25,70.5,2.75,142.0951385,86277.9,610.5344004
Tavarekere,5365.5,1975,3,2,65,3.5,183.483425,79547,430.3140552
Teachers Colony,2730,2175,3.5,1,158.5,3.5,202.064025,193972.3,902.5861701
Tejaswini Nagar,8335.571429,1352.142857,2.142857143,1.571428571,62.14285714,2.714285714,125.6181279,76050.42857,598.8425998
Telecom Layout,10286,1283.333333,1.666666667,1,57.66666667,2.333333333,119.2255167,70572.46667,592.0225038
Thanisandra,8047.237443,1480.091187,2.534246575,1.589041096,83.62890411,2.552511416,137.5049116,102345.0528,728.4297456
"Thanisandra Main Road, ",1634.666667,2179,3,2,140,3,202.435637,171332,849.7929218
Thanisandra main road,9989.25,3316.75,3.25,1.5,483,3.25,308.1360253,591095.4,1940.633582
Tharabanahalli,2512,4395,3,2,240,3,408.308685,293712,719.3381155
Thigalarapalya,8406.183333,2017.866667,3.55,2,149.2088333,2.816666667,187.4658669,182601.7702,965.2892578
Thippasandra,9165.5,655,1,0,30,1,60.851465,36714,603.37314
Thirumalashettyhally,10722,1077,2,1,34.46,2,100.056531,42172.148,421.4832113
Thirumenahalli,6986.285714,1371.714286,2,2,68.74428571,2.285714286,127.4363723,84129.25686,609.0808558
Thirupalya,11333,1025,2,1,65,2,95.225575,79547,835.3533176
Thubarahalli,6604.65,1480.7,2.35,1.85,88.0035,2.45,137.5614721,107698.6833,774.9117079
Thyagaraja Nagar,7759.428571,1492.142857,2.428571429,1.285714286,132.0357143,2.857142857,138.6245479,161585.3071,1290.386282
Thyagraj Nagar,2141,660,2,0,76,2,61.31598,93008.8,1516.877003
Tigalarpalya,9635.5,1574,2.5,1.5,88.5,2.5,146.229322,108306.3,729.3327382
Tindlu,4686.8,1907.207,2.7,1.6,102.58,2.9,177.1852519,125537.404,706.7634872
Tippenahalli,2916,1200,2,0,55,2,111.4836,67309,603.7569652
Tirumanahalli,10320.66667,1220.333333,2,1,50.4,2,113.3726277,61679.52,541.3956341
Tumkur Road,8102.892857,1390.142857,2.392857143,1.357142857,80.26,2.642857143,129.1484419,98222.188,788.3709833
Tunganagara,9464,1268.666667,1.666666667,1,35.92333333,2.333333333,117.8629393,43962.97533,377.6270743
Uday Nagar,1485,1650,3,1,110,3,153.28995,134618,878.1919493
Udaya Nagar,5211.333333,1191.666667,2.333333333,1.666666667,94,2.666666667,110.7094083,115037.2,1018.201501
Udayagiri,12330,1145,2,2,60,3,106.373935,73428,690.2818816
Udayapur Village,8866,1420,2.25,2,61.415,2.75,131.92226,75159.677,571.6388551
Ullal Road,3457,3400,4,2,190,4,315.8702,232522,736.1314869
Ullal Uppanagar,7945,1800,3.5,1,78.5,4,167.2254,96068.3,655.8996121
Ulsoor,5208.588235,4079.411765,2.941176471,1.470588235,260.7058824,2.882352941,378.9895912,319051.8588,1292.925635
Upadhyaya Layout,1688.5,1117.5,2,0.5,53.5,2.5,103.8191025,65473.3,621.227783
Upkar Layout,5390,1137.5,1.5,1.5,70.525,1.5,105.6771625,86308.495,821.1094726
Uttarahalli,7657.220339,1305.639209,2.129943503,1.610169492,55.0439548,2.576271186,121.2977994,67362.79189,551.3569174
Uvce Layout,754,1190,2,2,100,2,110.55457,122380,1106.964642
V.V Puram,5031,775,2,1,55,2,71.999825,67309,934.8494944
VGP Layout,7915.8,1386.4,2.4,2.2,63.6,2.4,128.8007192,77833.68,605.1282879
VHBCS Layout,10229.33333,1353,2,2,110,2.333333333,125.697759,134618,1070.965792
Vadarpalya,3685.333333,1797,3.333333333,1.333333333,89,3.333333333,166.946691,108918.2,662.6385424
Vaderahalli,11383,1610,3,3,85,3,149.57383,104023,695.4625686
Vaishnavi Layout,3163,4807.5,5,2,412.5,4,446.6311725,504817.5,1130.382358
Vajarahalli,10088.2,1131.4,2.2,1.2,62.6,2.4,105.1104542,76609.88,729.2916299
Varanasi,5361.8,1461.8,3,1,74.3,3.2,135.8056054,90928.34,692.1105191
Varsova Layout,6836.75,3017,3.5,2.5,238.375,3.75,280.288351,291723.325,896.4461357
Varthur,8106.818182,1340.621212,2.257575758,1.727272727,68.63045455,2.393939394,124.5477325,83989.95027,641.7979524
Varthur Road,7220.692308,1275.615385,2.307692308,1.692307692,60.24538462,2.538461538,118.5084961,73728.30169,586.9140827
"Varthur Road, ",702.5,1462.5,2.5,1.5,70,2.5,135.8706375,85666,630.7780768
Vasantapura main road,7415,1037,2,1,36.28,2,96.340411,44399.464,460.8602303
Vasanth nagar,7929.714286,2958.285714,4,0.857142857,711.2857143,4,274.8336177,870471.4571,3309.986154
Vasantha Vallabha Nagar,4910.8,1328,2.2,1.8,74,2.8,123.375184,90561.2,733.171894
Vasanthapura,7401.181818,1099,2.090909091,1.363636364,42.55909091,2.090909091,102.100397,52083.81545,506.0777298
Vasanthpura,8972,995,2,2,34.82,3,92.438485,42612.716,460.984578
Vasatha Vallbha Nagar,11437,1080,2,1,37.8,2,100.33524,46259.64,461.0507734
Vayunandana Layout,695,2400,5,2,120,5,222.9672,146856,658.643962
Veer Sandra,3727.5,2250,3.5,1.5,168,3.5,209.03175,205598.4,895.7557883
Veerabhadra Nagar,1410,1800,2,2,100,3,167.2254,122380,731.8266244
Veerannapalya,6106,950,2,2,45,2,88.25785,55071,623.9784903
Veersandra,10186,1250,2,1,52.5,2,116.12875,64249.5,553.2609281
Venkatadri Layout,2999.333333,597,1,1,42.33333333,1,55.463091,51807.53333,934.0655975
Venkatapura,5088.333333,2408.5,2.166666667,1,183.25,2.666666667,223.7568755,224261.35,973.1105976
Venkateswara Nagar,4078,600,1,0,20,1,55.7418,24476,439.0959747
Venugopal Reddy Layout,7075.666667,1276.666667,2.333333333,2,68.66666667,2.333333333,118.6061633,84034.26667,705.9527774
Versova Layout,3277.5,2860,3.5,2.5,335,3.5,265.70258,409973,1592.413218
Vibhutipura Extension,6448,1225,2,2,47,2,113.806175,57518.6,505.408428
Vibuthipura,978,1876.5,3,0.5,102.5,3.5,174.3324795,125439.5,758.6794136
Victoria Layout,4927.428571,1570.142857,3,1.142857143,268.1428571,3,145.8709819,328153.2286,1923.859609
Vidhyanagar Cross,9618,1100,2,2,32,2,102.1933,39161.6,383.2110324
Vidya Nagar,3874,3760,2,0,280,2,349.31528,342664,980.9590923
Vidyaranyapura,6491.923077,1502.692308,2.807692308,1.538461538,81.63461538,2.884615385,139.6046235,99904.44231,680.4650223
Vignana Nagar,6741.833333,1201.666667,2.166666667,2.166666667,54.41666667,2.166666667,111.6384383,66595.11667,595.1389862
Vijay Nagar,1357,2300,7,0,160,6,213.6769,195808,916.374208
Vijaya Bank Colony,7033,1400,2,2,62,3,130.0642,75875.6,583.3703663
Vijaya Bank Layout,5340.142857,2097,3,1.857142857,185.9285714,3.714285714,194.817591,227539.3857,1025.665021
Vijayabank bank layout,882,1100,2,1,48,2,102.1933,58742.4,574.8165486
Vijayanagar,6149.916667,1385.611111,2.527777778,1.166666667,106.0425,2.555555556,128.7274291,129774.8115,991.1422905
Vijinapura,9242.5,1480,2.5,2.5,81.905,2.5,137.49644,100235.339,729.6535651
Vikram Nagar,9067,950,2,2,38,2,88.25785,46504.4,526.9151696
Vimanapura,6181.333333,1791.666667,2.666666667,2,62,2.666666667,166.4512083,75875.6,469.2300121
Vinayak Nagar,4715,1254.333333,2,1.666666667,54.83333333,2,116.5313297,67105.03333,576.0778713
Vinayaka Nagar,8250.5,1305,2.25,1.5,65.75,2.25,121.238415,80464.85,652.9517355
Virat Nagar,7150.2,1361.2,2,1.8,70.148,2.2,126.4595636,85847.1224,638.6551265
Virgonagar,6251,1215,3,1,42.2,3,112.877145,51644.36,457.5271637
Virudhu Nagar,1798,1130,2,2,68,2,104.98039,83218.4,792.7042374
Virupakshapura,8659.666667,1045.666667,1.666666667,0.666666667,57.66666667,2,97.14557033,70572.46667,747.555004
Vishveshwarya Layout,3889.666667,2475,4.5,0.666666667,123.6666667,4.666666667,229.934925,151343.2667,614.8650479
Vishwanatha Nagenahalli,5291,1896.166667,3,1.166666667,102.3333333,3.166666667,176.1595718,125235.5333,706.9530022
Vishwapriya Layout,8337.428571,1239.285714,2.571428571,2.285714286,51.57142857,2.571428571,115.1333607,63113.11429,530.8509351
Vishwapriya Nagar,3718,1761.5,3.75,1.25,97.25,3.75,163.6486345,119014.55,698.4059525
Viswajit Layout,6397,1100,2,3,61,2,102.1933,74651.8,730.4960306
Viswapriyanagar.begur Road.bommanahalli.,5620,2400,5,1,85,4,222.9672,104023,466.5394731
Vittal Mallya Road,8904,1030,2,2,300,2,95.69009,367140,3836.760944
Vittal Nagar,5846,1033.333333,2,1.333333333,48,2,95.99976667,58742.4,612.7384737
Vittasandra,8617.309524,1386.238095,2.166666667,1.119047619,71.18809524,2.166666667,128.7856778,87119.99095,681.7132931
Vivek Nagar,6834,2300,3,2,145,5,213.6769,177451,944.0563456
Viviani Road,11557,2214,3,2,350,3,205.687242,428330,2082.433484
Volagerekallahalli,8711.625,1142.375,2,1.875,39.695,2,106.1300646,48578.741,451.0708976
Vyalikaval,503,1100,2,1,75,2,102.1933,91785,898.1508572
Wajid layout thanisandra,7220,3000,5,2,100,4,278.709,122380,439.0959747
Weavers Colony,4179,812,1,0.5,26,1,75.437236,31818.8,421.7916998
West of Chord Road,3113,1200,2,1,160,2,111.4836,195808,1756.383899
Wheelers Road,12731,925,2,1,68,2,85.935275,83218.4,968.384636
"Whietfield, ",1202,1677,3,2,98,3,155.798331,119932.4,769.7925853
Whitefield,6949.034413,1767.631579,2.657894737,1.682186235,123.737996,2.641700405,164.2182766,151430.5594,811.4620027
Whitefield ECC Road,12002,1225,2,2,71.05,2,113.806175,86950.99,764.0269959
"Whitefield, ",1442,1522.5,2.5,1.5,67.5,2.5,141.4448175,82606.5,584.4902623
Williams Town,5310,1500,2,2,98,3,139.3545,119932.4,860.6281103
Wilson Garden,5184.4,1839,3,2,258,3,170.848617,315740.4,1462.769769
Xavier Layout,4343,1524,4,2,400,3,141.584172,489520,3457.448619
Yarandahalli,5018,1182.5,2,2,44.05,2.5,109.8577975,53908.39,494.3975531
Yelachenahalli,6291.823529,1321.294118,2.058823529,2,87.14705882,2.411764706,122.7521874,106650.5706,838.241268
Yelahanka,7258.041237,1778.226804,2.417525773,1.613402062,83.24835052,2.5,165.2026048,101879.3314,685.4890209
Yelahanka New Town,6393.621622,1232.162162,1.864864865,1.378378378,89.36486486,2.108108108,114.4715614,109364.7216,745.413154
"Yelahanka,MVIT college",4063,10030,1,1,150,1,931.81709,183570,197.002182
Yelenahalli,7421.75,1274.166667,2.166666667,2,51.185,2.25,118.3739058,62640.203,530.38031
Yemlur,5704.166667,4063.5,3,2,656.75,2.666666667,377.5113405,803730.65,1302.125224
"Yemlur, Old Airport Road, ",94,1595,3,2,115,3,148.180285,140737,949.7687226
Yeshwanthpur,8012.357143,1436.614286,2.328571429,1.828571429,96.98085714,2.385714286,133.465777,118685.173,876.1781955
Yeshwanthpur Industrial Suburb,9500,1757.5,2.5,2,180,2.5,163.2770225,220284,1311.303274
Zuzuvadi,13030,1200,3,3,75,3,111.4836,91785,823.3049525
adigondanhalli,4194,1200,1,0,42,2,111.4836,51399.6,461.0507734
anjananager magdi road,3343,1200,3,1,165,3,111.4836,201927,1811.270895
"asha township, off hennur road",3433,2400,5,3,285,5,222.9672,348783,1564.27941
banashankari stage iii sa,6157,1411,3,2,91.72,3,131.086133,112246.936,856.2838298
basaveshwarnagar,12524,1250,2,1,70,3,116.12875,85666,737.6812374
"beml layout, basaveshwara nagar",4419,2400,2,1,360,3,222.9672,440568,1975.931886
cooketown,11378,1850,3,2.5,191,3,171.87055,233745.8,1361.197522
elachenahalli,1375,1258,2,0,58,2,116.871974,70980.4,607.3346549
frazertown,8498.5,2450,3,2,267.5,3,227.61235,327366.5,1429.711635
kadubisnahalli,12380,1160,2,2,57,2,107.76748,69756.6,647.2880316
kanakapura main road,7939,1041,2,1,36.44,2,96.712023,44595.272,461.1140437
kanakapura road,5935,1375,2,3,48.06,3,127.741625,58815.828,460.4280555
kg halli jalhalli west,4131,980,3,1,80,3,91.04494,97904,1075.337081
manyata,12607,1169,2,1,50.11,2,108.603607,61324.618,564.6646524
manyata park,7498.5,1551,2.5,1,73.41,2.5,144.092553,89839.158,622.7371796
manyata tech park,7159,1150,2,1,56,2,106.83845,68532.8,641.4619456
mvj engineering college,4359,1200,3,1,56.53,3,111.4836,69181.414,620.5523862
near Ramanashree California resort,4948,3600,4,1,160,6,334.4508,195808,585.4612995
pavitra paradise,12373,2200,2,1,190,3,204.3866,232522,1137.657753
poornaprajna layout,3820,900,2,0,128,2,83.6127,156646.4,1873.476159
"ravindra nagar, T.dasarahalli peenya",3362,1180,2,2,74,2,109.62554,90561.2,826.0958167
rr nagar,8668,1400,2,2,60,2,130.0642,73428,564.5519674
sankeswari,2967,461.82,1,1,31.7,1,42.90446346,38794.46,904.2056903
sapthagiri Layout,5164,1300,1,1,115,2,120.7739,140737,1165.293164
sarjapura main road,9249,2400,4,3,250,4,222.9672,305950,1372.174921
tc.palya,3688.75,1075,2,1,60.75,2.25,99.870725,74345.85,744.4127565
whitefiled,7529,935,2,1,32.73,2,86.864305,40054.974,461.1212166
